booth_number,show_type,company_name,company_url,Product_Name,Country
2C-05,Ingredients,Aarti Pharmalabs Limited,detail.php?exid=CF23193719&sidSuffix=s20260203221243470&previous=,Generic API Product List,IN
2C-05,Ingredients,Aarti Pharmalabs Limited,detail.php?exid=CF23193719&sidSuffix=s20260203221243470&previous=,API,IN
3A-24,Ingredients,Acebright Group,detail.php?exid=CF24155340&sidSuffix=s20260203221243470&previous=,Contact companies,Unknown
2A-21,Ingredients,ACUTAAS CHEMICALS LIMITED,detail.php?exid=CF23151494&sidSuffix=s20260203221243470&previous=,Contact companies,Unknown
2F-33,Ingredients,AETHER INDUSTRIES,detail.php?exid=C14143278&sidSuffix=s20260203221243470&previous=,Contact companies,Unknown
1D-38,Outsourcing,"AGC, Inc.",detail.php?exid=C17155890&sidSuffix=s20260203221243470&previous=,Contact companies,DE
1D-25,Outsourcing,Agno Pharma,detail.php?exid=CF25192656&sidSuffix=s20260203221243470&previous=,?-bromopropiophenone,US
1D-25,Outsourcing,Agno Pharma,detail.php?exid=CF25192656&sidSuffix=s20260203221243470&previous=,?-diphenyl-benzenebutanamide,US
1D-25,Outsourcing,Agno Pharma,detail.php?exid=CF25192656&sidSuffix=s20260203221243470&previous=,(-) taddol,US
1D-25,Outsourcing,Agno Pharma,detail.php?exid=CF25192656&sidSuffix=s20260203221243470&previous=,(+)-menthadienol,US
1D-25,Outsourcing,Agno Pharma,detail.php?exid=CF25192656&sidSuffix=s20260203221243470&previous=,(+) taddol,US
1C-01,Outsourcing,AI CORPORATION,detail.php?exid=CF25180023&sidSuffix=s20260203221243470&previous=,Contact companies,Unknown
3F-07,Bio Pharma,AiFChem an XtalPi Company,detail.php?exid=CF26195410&sidSuffix=s20260203221243470&previous=,Contact companies,Unknown
3D-22,Bio Pharma,"Ajinomoto Co., Inc.",detail.php?exid=CF20162676&sidSuffix=s20260203221243470&previous=,Contact companies,Unknown
3D-35,Ingredients,Alembic Pharmaceuticals Limited,detail.php?exid=CF25104372&sidSuffix=s20260203221243470&previous=,Contact companies,Unknown
1B-34,Outsourcing,Alivus Lifesciences Limited,detail.php?exid=CF23104018&sidSuffix=s20260203221243470&previous=,Contact companies,Unknown
1G-34,Ingredients,ALKALI METALS LTD,detail.php?exid=CF23157263&sidSuffix=s20260203221243470&previous=,Contact companies,Unknown
2C-30,Ingredients,Alkem Activa,detail.php?exid=CF24135042&sidSuffix=s20260203221243470&previous=,3 cef novo 1.5 injection,IN
2C-30,Ingredients,Alkem Activa,detail.php?exid=CF24135042&sidSuffix=s20260203221243470&previous=,3 cef novo 375 injection,IN
2C-30,Ingredients,Alkem Activa,detail.php?exid=CF24135042&sidSuffix=s20260203221243470&previous=,3 cef novo 750 injection,IN
2C-30,Ingredients,Alkem Activa,detail.php?exid=CF24135042&sidSuffix=s20260203221243470&previous=,A to Z gold ns soft gelatin caps (15s),IN
2C-30,Ingredients,Alkem Activa,detail.php?exid=CF24135042&sidSuffix=s20260203221243470&previous=,A to Z ns drops 15ml,IN
1E-10,Outsourcing,Almac,detail.php?exid=C14016659&sidSuffix=s20260203221243470&previous=,Contact companies,Unknown
2A-45,Ingredients,Almelo Private Limited,detail.php?exid=CF26167831&sidSuffix=s20260203221243470&previous=,Contact companies,IN
2H-25,Ingredients,"Alps Pharmaceutical Ind. Co., Ltd.",detail.php?exid=C14016191&sidSuffix=s20260203221243470&previous=,Gomiren Alice Tang extract,JP
2H-25,Ingredients,"Alps Pharmaceutical Ind. Co., Ltd.",detail.php?exid=C14016191&sidSuffix=s20260203221243470&previous=,Kinikawamogusayu extract,JP
2H-25,Ingredients,"Alps Pharmaceutical Ind. Co., Ltd.",detail.php?exid=C14016191&sidSuffix=s20260203221243470&previous=,Keishi hoelen Maru-ryo addition yi hot water,JP
2H-25,Ingredients,"Alps Pharmaceutical Ind. Co., Ltd.",detail.php?exid=C14016191&sidSuffix=s20260203221243470&previous=,Angelica peony extract Chi-ryo,JP
2H-25,Ingredients,"Alps Pharmaceutical Ind. Co., Ltd.",detail.php?exid=C14016191&sidSuffix=s20260203221243470&previous=,Yi hot water extract,JP
3G-35,Machinery/Equipment,"ALTECH Co., LTD.",detail.php?exid=CF26130872&sidSuffix=s20260203221243470&previous=,Contact companies,Unknown
2C-34,Ingredients,Amar Impex,detail.php?exid=C18177254&sidSuffix=s20260203221243470&previous=,Contact companies,Unknown
3C-46,Ingredients,"Amatek Chemical Co., Ltd.",detail.php?exid=CF25109642&sidSuffix=s20260203221243470&previous=,Contact companies,Unknown
2E-04,Ingredients,Ami Lifesciences Pvt Ltd,detail.php?exid=C18110690&sidSuffix=s20260203221243470&previous=,Contact companies,IN
IT-16,Ingredients,AMSA,detail.php?exid=CF24110407&sidSuffix=s20260203221243470&previous=,Contact companies,Unknown
1H-41,Ingredients,"Anhui Chuangyu New Material Technology.,Ltd",detail.php?exid=CF26108909&sidSuffix=s20260203221243470&previous=,Contact companies,Unknown
3B-30,Ingredients,"Anhui Guangxin Agrochemical Co., Ltd.",detail.php?exid=CF26199985&sidSuffix=s20260203221243470&previous=,Contact companies,DE
3C-36,Ingredients,"Anhui Heryi Pharmaceutical Co.,Ltd",detail.php?exid=C17199632&sidSuffix=s20260203221243470&previous=,Contact companies,Unknown
3A-29,Ingredients,"Anhui Royal Chemical Co., Ltd.",detail.php?exid=CF25161185&sidSuffix=s20260203221243470&previous=,Contact companies,Unknown
1A-06,Outsourcing,Anshul Specialty Molecules Pvt Ltd,detail.php?exid=CF26153121&sidSuffix=s20260203221243470&previous=,Contact companies,IN
2F-45,Ingredients,ANUH PHARMA LTD.,detail.php?exid=CF24115421&sidSuffix=s20260203221243470&previous=,Contact companies,Unknown
2H-04,Ingredients,ANUPAM RASAYAN INDIA  LIMTED,detail.php?exid=C14016852&sidSuffix=s20260203221243470&previous=,Contact companies,Unknown
1E-36,Ingredients,"Anxo Pharmaceutical Co., Ltd.",detail.php?exid=C20131060&sidSuffix=s20260203221243470&previous=,Contact companies,Unknown
2J-08,Ingredients,"Apeloa Pharmaceutical Co.,Ltd",detail.php?exid=C14017384&sidSuffix=s20260203221243470&previous=,Contact companies,Unknown
3B-04,Ingredients,"API Co.,Ltd.",detail.php?exid=C17100196&sidSuffix=s20260203221243470&previous=,Contact companies,Unknown
2B-04,Ingredients,Apitoria Pharma Private Limited,not provided,Contact companies,IN
3F-42,Ingredients,"AR BROWN Co., Ltd.",detail.php?exid=CF25186200&sidSuffix=s20260203221243470&previous=,Contact companies,Unknown
2C-26,Ingredients,ARAGEN LIFE SCIENCES,detail.php?exid=CF26181832&sidSuffix=s20260203221243470&previous=,Contact companies,DE
3H-24,Outsourcing,Aral Research Private Limited,detail.php?exid=CF26152351&sidSuffix=s20260203221243470&previous=,Contact companies,IN
1A-21,Outsourcing,Ardena Holding NV,detail.php?exid=CF26125935&sidSuffix=s20260203221243470&previous=,Contact companies,Unknown
1G-32,Ingredients,Arysta Health and Nutrition Science Corporation,detail.php?exid=C14015839&sidSuffix=s20260203221243470&previous=,Contact companies,Unknown
2H-06,Ingredients,"Asahi Chemical Co.,Ltd.",detail.php?exid=CF23155348&sidSuffix=s20260203221243470&previous=,Contact companies,Unknown
3E-36,Machinery/Equipment,Asahi Glassplant Inc.,detail.php?exid=C14018205&sidSuffix=s20260203221243470&previous=,Glass reaction systems,JP
3E-36,Machinery/Equipment,Asahi Glassplant Inc.,detail.php?exid=C14018205&sidSuffix=s20260203221243470&previous=,Filter Reactor,JP
3E-36,Machinery/Equipment,Asahi Glassplant Inc.,detail.php?exid=C14018205&sidSuffix=s20260203221243470&previous=,Nutsche Filter,JP
3E-36,Machinery/Equipment,Asahi Glassplant Inc.,detail.php?exid=C14018205&sidSuffix=s20260203221243470&previous=,Concentration,JP
3E-36,Machinery/Equipment,Asahi Glassplant Inc.,detail.php?exid=C14018205&sidSuffix=s20260203221243470&previous=,Industrial Evaporation,JP
1H-34,Ingredients,ASAHI KASEI CORPORATION,detail.php?exid=C19182857&sidSuffix=s20260203221243470&previous=,Contact companies,Unknown
1B-47,Outsourcing,"ASAHI TECHNO RESEARCH Co., LTD",detail.php?exid=CF26139303&sidSuffix=s20260203221243470&previous=,Contact companies,Unknown
1G-46,Ingredients,"Asambly Chemicals Co., Ltd.",detail.php?exid=C17138426&sidSuffix=s20260203221243470&previous=,Contact companies,Unknown
2E-31,Ingredients,Ascensus Specialties,detail.php?exid=CF23198767&sidSuffix=s20260203221243470&previous=,Contact companies,Unknown
IT-01,Ingredients,ASCHIMFARMA,detail.php?exid=C14016391&sidSuffix=s20260203221243470&previous=,Contact companies,Unknown
3G-03,Bio Pharma,Asimov,detail.php?exid=CF26149874&sidSuffix=s20260203221243470&previous=,Contact companies,Unknown
3C-28,Ingredients,AstaTech (Chengdu) BioPharmaceutical Corp.,detail.php?exid=C14018047&sidSuffix=s20260203221243470&previous=,Contact companies,Unknown
1C-20,Outsourcing,"Asymchem Laboratories (Tianjin) Co., Ltd.",detail.php?exid=C14016767&sidSuffix=s20260203221243470&previous=,Contact companies,Unknown
2E-42,Ingredients,"ATTO CO., LTD.",detail.php?exid=C18179236&sidSuffix=s20260203221243470&previous=,Contact companies,Unknown
1D-22,Outsourcing,Aurigene Pharmaceutical Services Ltd.,detail.php?exid=CF21192087&sidSuffix=s20260203221243470&previous=,Contact companies,Unknown
2C-21,Ingredients,"Aurisco Pharmaceutical Co., Ltd",detail.php?exid=C17160350&sidSuffix=s20260203221243470&previous=,Contact companies,Unknown
2B-04,Ingredients,Aurobindo Pharma Japan K.K.,detail.php?exid=C14018982&sidSuffix=s20260203221243470&previous=,Contact companies,Unknown
2B-42,Ingredients,"Autran Japan Co.,Ltd.",detail.php?exid=C19197688&sidSuffix=s20260203221243470&previous=,Contact companies,JP
2K-38,Ingredients,"Avery Chemical (Nantong) Co., Ltd.",detail.php?exid=CF26194322&sidSuffix=s20260203221243470&previous=,Contact companies,Unknown
3F-24,Bio Pharma,"Baishixing Science and Technology Industry Co.,ltd",detail.php?exid=CF26155329&sidSuffix=s20260203221243470&previous=,Contact companies,Unknown
1D-31,Outsourcing,"BBchem Co., Ltd.",detail.php?exid=C14018902&sidSuffix=s20260203221243470&previous=,Contact companies,Unknown
2D-33,Ingredients,BCN PEPTIDES,detail.php?exid=C14018129&sidSuffix=s20260203221243470&previous=,Contact companies,Unknown
3C-42,Ingredients,BDR Pharmaceuticals Internationals Pvt. Ltd.,detail.php?exid=CF26196067&sidSuffix=s20260203221243470&previous=,Contact companies,IN
3C-20,Ingredients,"BEIJING HUIKANG BOYUAN CHEMICAL TECH CO., LTD.",detail.php?exid=C18157511&sidSuffix=s20260203221243470&previous=,Contact companies,CN
2J-21,Ingredients,"Beijing Lianben Pharm-chemicals Tech. Co.,Ltd.",detail.php?exid=C14018329&sidSuffix=s20260203221243470&previous=,Contact companies,CN
1B-03,Outsourcing,"Beijing Odyssey Chemicals Co.,Ltd.",detail.php?exid=C14016374&sidSuffix=s20260203221243470&previous=,Contact companies,CN
3H-05,Ingredients,"Beijing Tide Pharmaceutical Co., Ltd.",detail.php?exid=CF26165613&sidSuffix=s20260203221243470&previous=,Contact companies,CN
2F-04,Ingredients,"Bellen Chemistry Co., Ltd.",not provided,Contact companies,Unknown
1B-04,Ingredients,"Benepure Pharmaceutical Co., Ltd.",detail.php?exid=CF24191829&sidSuffix=s20260203221243470&previous=,Contact companies,Unknown
3F-21,Bio Pharma,Bio-Rad Laboratories,detail.php?exid=C14018835&sidSuffix=s20260203221243470&previous=,Contact companies,Unknown
3A-02,Ingredients,BioBridge K.K.,detail.php?exid=C15130829&sidSuffix=s20260203221243470&previous=,Contact companies,Unknown
3G-22,Bio Pharma,Biocon,detail.php?exid=CF25141216&sidSuffix=s20260203221243470&previous=,Contact companies,Unknown
2C-22,Ingredients,BIOMED INGREDIENTS PVT LTD,detail.php?exid=CF25122248&sidSuffix=s20260203221243470&previous=,Contact companies,IN
3F-30,Bio Pharma,bioMérieux Japan Ltd.,detail.php?exid=CF26187897&sidSuffix=s20260203221243470&previous=,Contact companies,JP
3H-08,Ingredients,"BIZEN CHEMICAL CO., LTD.",detail.php?exid=CF23174315&sidSuffix=s20260203221243470&previous=,Contact companies,Unknown
2E-36,Ingredients,Bloomage Biotechnology Corporation Limited,detail.php?exid=C14018891&sidSuffix=s20260203221243470&previous=,Contact companies,DE
1A-31,Outsourcing,Bluejet Healthcare,detail.php?exid=CF25169433&sidSuffix=s20260203221243470&previous=,Contact companies,Unknown
1D-47,Outsourcing,Bora Pharmaceuticals,detail.php?exid=CF26135525&sidSuffix=s20260203221243470&previous=,"Liquid Contract Manufacturing - solutions,",TW
1D-47,Outsourcing,Bora Pharmaceuticals,detail.php?exid=CF26135525&sidSuffix=s20260203221243470&previous=,"Semi-Solid Contract Manufacturing - Creams,",TW
1D-47,Outsourcing,Bora Pharmaceuticals,detail.php?exid=CF26135525&sidSuffix=s20260203221243470&previous=,Solid Dose Contract Manufacturing,TW
1H-46,Ingredients,"Brother Enterprises Holding Co., Ltd.",detail.php?exid=CF26125498&sidSuffix=s20260203221243470&previous=,Contact companies,Unknown
1E-47,Outsourcing,BSP Pharmaceuticals spa,detail.php?exid=CF26172644&sidSuffix=s20260203221243470&previous=,Clinical and Commercial supply services,IT
1E-47,Outsourcing,BSP Pharmaceuticals spa,detail.php?exid=CF26172644&sidSuffix=s20260203221243470&previous=,Sterile suites capabilities,IT
1E-47,Outsourcing,BSP Pharmaceuticals spa,detail.php?exid=CF26172644&sidSuffix=s20260203221243470&previous=,Oral capabilities,IT
1E-47,Outsourcing,BSP Pharmaceuticals spa,detail.php?exid=CF26172644&sidSuffix=s20260203221243470&previous=,ADCs Manufacturing services,IT
1E-47,Outsourcing,BSP Pharmaceuticals spa,detail.php?exid=CF26172644&sidSuffix=s20260203221243470&previous=,Quality control laboratories services,IT
2C-33,Ingredients,CADILA PHARMACEUTICALS LIMITED,detail.php?exid=C14017426&sidSuffix=s20260203221243470&previous=,Contact companies,Unknown
2B-34,Ingredients,Cambrex,detail.php?exid=CF24127728&sidSuffix=s20260203221243470&previous=,Contact companies,Unknown
2E-46,Ingredients,"Capot Chemical Co.,Ltd.",detail.php?exid=CF24175887&sidSuffix=s20260203221243470&previous=,Contact companies,Unknown
1C-38,Outsourcing,Carbogen Amcis,detail.php?exid=CF25112975&sidSuffix=s20260203221243470&previous=,Contact companies,Unknown
1H-10,Ingredients,"Careplusone Co.,Ltd.",detail.php?exid=C17146537&sidSuffix=s20260203221243470&previous=,Contact companies,Unknown
2C-45,Ingredients,CATO Research Chemicals Inc.,detail.php?exid=CF26118045&sidSuffix=s20260203221243470&previous=,Contact companies,Unknown
2K-04,Ingredients,"CBC CO., Ltd.",detail.php?exid=C14016224&sidSuffix=s20260203221243470&previous=,Contact companies,Unknown
2H-48,Formulation ＆ Packaging,CC Biotechnology Corporation (CCBio),detail.php?exid=CF25188099&sidSuffix=s20260203221243470&previous=,Contact companies,Unknown
1F-47,Ingredients,CCCMHPIE,detail.php?exid=CF22105766&sidSuffix=s20260203221243470&previous=,Contact companies,Unknown
3G-37,Machinery/Equipment,Central Kagaku Corp.,detail.php?exid=CF26184543&sidSuffix=s20260203221243470&previous=,Contact companies,DE
3F-32,Machinery/Equipment,"Central Science Commerce, Inc.",detail.php?exid=CF22194245&sidSuffix=s20260203221243470&previous=,Contact companies,Unknown
3C-33,Ingredients,"Changzhou Chongkai Chemical Co., Ltd.",detail.php?exid=CF26187640&sidSuffix=s20260203221243470&previous=,Contact companies,Unknown
1J-43,Ingredients,"Changzhou Koye Chemical Co.,Ltd",detail.php?exid=F20149650&sidSuffix=s20260203221243470&previous=,Contact companies,Unknown
3B-27,Ingredients,"Changzhou Liren Medical Technology Co., Ltd.",detail.php?exid=CF26108851&sidSuffix=s20260203221243470&previous=,Contact companies,Unknown
3A-17,Ingredients,"Changzhou Sunlight Pharmaceutical Co., Ltd.",detail.php?exid=C14018075&sidSuffix=s20260203221243470&previous=,Contact companies,Unknown
3C-31,Ingredients,"Changzhou United Chemical Co., Ltd.",detail.php?exid=CF24147906&sidSuffix=s20260203221243470&previous=,Contact companies,Unknown
2A-02,Ingredients,"Changzhou Yinsheng Pharmaceutical Co.,Ltd.",detail.php?exid=CF26133857&sidSuffix=s20260203221243470&previous=,Contact companies,Unknown
3F-22,Bio Pharma,ChemCon,detail.php?exid=CF24127250&sidSuffix=s20260203221243470&previous=,Contact companies,Unknown
IT-07,Ingredients,CHEMELECTIVA srl,detail.php?exid=CF23156919&sidSuffix=s20260203221243470&previous=,Contact companies,Unknown
IT-03,Ingredients,CHEMI SPA,detail.php?exid=CF23128268&sidSuffix=s20260203221243470&previous=,Contact companies,Unknown
1A-44,Outsourcing,"Chemicals Evaluation and Research Institute, Japan",detail.php?exid=C14017525&sidSuffix=s20260203221243470&previous=,Contact companies,Unknown
2A-06,Ingredients,Chemische Fabrik Berg GmbH,detail.php?exid=CF25131699&sidSuffix=s20260203221243470&previous=,Amobarbital Sodium,DE
2A-06,Ingredients,Chemische Fabrik Berg GmbH,detail.php?exid=CF25131699&sidSuffix=s20260203221243470&previous=,Barbital,DE
2A-06,Ingredients,Chemische Fabrik Berg GmbH,detail.php?exid=CF25131699&sidSuffix=s20260203221243470&previous=,Barbital Sodium,DE
2A-06,Ingredients,Chemische Fabrik Berg GmbH,detail.php?exid=CF25131699&sidSuffix=s20260203221243470&previous=,Butalbital,DE
2A-06,Ingredients,Chemische Fabrik Berg GmbH,detail.php?exid=CF25131699&sidSuffix=s20260203221243470&previous=,Cetylpyridinium Bromide,DE
1D-06,Outsourcing,CHEMPLAST SANMAR LTD,detail.php?exid=CF26153997&sidSuffix=s20260203221243470&previous=,Contact companies,Unknown
1D-08,Outsourcing,CHEMPRO PHARMA,detail.php?exid=CF24170531&sidSuffix=s20260203221243470&previous=,Contact companies,Unknown
1H-42,Ingredients,"Chemtour Biotech (Suzhou) Co.,Ltd.",detail.php?exid=C19191210&sidSuffix=s20260203221243470&previous=,Contact companies,Unknown
2C-32,Ingredients,"Chemvon Biotechnology Co., Ltd.",detail.php?exid=C16125487&sidSuffix=s20260203221243470&previous=,Contact companies,Unknown
1F-48,Ingredients,"Chemyouth Life Science (Suzhou)Co.,Ltd",detail.php?exid=CF26185245&sidSuffix=s20260203221243470&previous=,Contact companies,Unknown
1E-46,Ingredients,"Chengdu Aupone Pharmaceutical Co.,Ltd",detail.php?exid=CF26154962&sidSuffix=s20260203221243470&previous=,Contact companies,Unknown
1G-01,Ingredients,CHENGDU BRILLIANT PHARMACEUTICAL GROUP,detail.php?exid=CF24131760&sidSuffix=s20260203221243470&previous=,Contact companies,Unknown
3B-28,Ingredients,"Chengdu Pukang Weixin Biotechnology Co., Ltd.",detail.php?exid=CF26168473&sidSuffix=s20260203221243470&previous=,Contact companies,Unknown
1G-06,Ingredients,Chengdu Shengnuo Biopharm Co.Ltd,detail.php?exid=C17159688&sidSuffix=s20260203221243470&previous=,Contact companies,Unknown
3G-09,Bio Pharma,"Chengdu Tachem Co., LTD",detail.php?exid=CF26126905&sidSuffix=s20260203221243470&previous=,Contact companies,Unknown
3F-08,Bio Pharma,"Chengdu ZY Biochemical Technology Co.,Ltd.",detail.php?exid=CF25131935&sidSuffix=s20260203221243470&previous=,Contact companies,Unknown
3D-21,Ingredients,Chieron Active Ingredients Pvt. Ltd.,detail.php?exid=C19171085&sidSuffix=s20260203221243470&previous=,Contact companies,IN
3B-32,Ingredients,China Zhuhai Jinwan Biopharma,detail.php?exid=CF26120392&sidSuffix=s20260203221243470&previous=,Contact companies,Unknown
1H-07,Ingredients,CHIROGATE INTERNATIONAL INC.,detail.php?exid=CF25148522&sidSuffix=s20260203221243470&previous=,Contact companies,Unknown
1B-06,Ingredients,"Chongqing Ensky Pharmaceutial Co.,Ltd.",detail.php?exid=C16149071&sidSuffix=s20260203221243470&previous=,Contact companies,Unknown
3B-20,Ingredients,"Chongqing Shenghuaxi Pharmaceutical Co., Ltd.",detail.php?exid=CF25190706&sidSuffix=s20260203221243470&previous=,Contact companies,Unknown
3C-34,Ingredients,"Chongqing Southwest No.2 Pharmaceutical Factory Co., Ltd.",detail.php?exid=CF26176603&sidSuffix=s20260203221243470&previous=,Contact companies,Unknown
1F-32,Ingredients,"CHORI CO., LTD",detail.php?exid=C14016309&sidSuffix=s20260203221243470&previous=,Contact companies,Unknown
3F-03,Bio Pharma,"ChromaJean Co., Ltd.",detail.php?exid=CF25171883&sidSuffix=s20260203221243470&previous=,Contact companies,Unknown
3A-10,Ingredients,CHUKAN BUTSU LTD.,detail.php?exid=C14013688&sidSuffix=s20260203221243470&previous=,Contact companies,Unknown
2H-46,Formulation ＆ Packaging,"Climbing Co., Ltd.",detail.php?exid=CF26150788&sidSuffix=s20260203221243470&previous=,Contact companies,Unknown
3E-04,Bio Pharma,CM Plus Corporation,detail.php?exid=C14018993&sidSuffix=s20260203221243470&previous=,Contact companies,Unknown
1A-27,Outsourcing,Cohance Lifesciences Limited,detail.php?exid=C14019020&sidSuffix=s20260203221243470&previous=,Contact companies,Unknown
1D-36,Outsourcing,CONCORD BIOTECH LIMITED,detail.php?exid=CF22160311&sidSuffix=s20260203221243470&previous=,Contact companies,Unknown
2F-04,Ingredients,Contract Pharmaceuticals Limited Canada,not provided,Contact companies,Unknown
3G-32,Machinery/Equipment,Corning Advanced-Flow Reactors / Wako Chemical,detail.php?exid=CF26141336&sidSuffix=s20260203221243470&previous=,Contact companies,Unknown
2F-47,Ingredients,COSTECH Pharma Inc.,detail.php?exid=CF25153478&sidSuffix=s20260203221243470&previous=,Contact companies,Unknown
IT-01,Ingredients,CPA (Chemical Pharmaceutical Association),detail.php?exid=CF23174605&sidSuffix=s20260203221243470&previous=,Contact companies,Unknown
3H-29,Bio Pharma,Croda Japan K.K.,detail.php?exid=CF23185561&sidSuffix=s20260203221243470&previous=,Contact companies,Unknown
1C-33,Outsourcing,"CSIM CO., LTD.",detail.php?exid=CF23116810&sidSuffix=s20260203221243470&previous=,Contact companies,Unknown
2D-38,Ingredients,"CSPC PHARMACEUTICAL GROUP CO.,LTD.",detail.php?exid=C14018221&sidSuffix=s20260203221243470&previous=,Contact companies,Unknown
3G-11,Bio Pharma,CURAPATH,detail.php?exid=CF25132823&sidSuffix=s20260203221243470&previous=,Contact companies,Unknown
2C-10,Ingredients,Curia,detail.php?exid=C17189926&sidSuffix=s20260203221243470&previous=,Contact companies,Unknown
2G-51,Formulation ＆ Packaging,CurTec,detail.php?exid=CF25138605&sidSuffix=s20260203221243470&previous=,Contact companies,Unknown
3G-01,Bio Pharma,Cyfuse Biomedical K.K.,detail.php?exid=CF26172513&sidSuffix=s20260203221243470&previous=,Contact companies,Unknown
1H-38,Ingredients,Daido Chemical Corporation,detail.php?exid=CF22165716&sidSuffix=s20260203221243470&previous=,Contact companies,Unknown
2H-10,Ingredients,"Daito Pharmaceutical Co., Ltd.",detail.php?exid=C16105157&sidSuffix=s20260203221243470&previous=,Contact companies,Unknown
3A-10,Ingredients,DalChem,detail.php?exid=CF23166808&sidSuffix=s20260203221243470&previous=,Contact companies,Unknown
3F-31,Machinery/Equipment,Dec Group,detail.php?exid=CF25178347&sidSuffix=s20260203221243470&previous=,Contact companies,Unknown
3H-32,Ingredients,"Department of Industrial Technology, MOEA, Taiwan",detail.php?exid=CF26157179&sidSuffix=s20260203221243470&previous=,Contact companies,Unknown
1G-10,Outsourcing,"Depew Fine Chemical Co., Ltd.",detail.php?exid=C20145987&sidSuffix=s20260203221243470&previous=,2-chloropyrimidine,CN
1G-10,Outsourcing,"Depew Fine Chemical Co., Ltd.",detail.php?exid=C20145987&sidSuffix=s20260203221243470&previous=,4-cyanobenzoic acid,CN
1G-10,Outsourcing,"Depew Fine Chemical Co., Ltd.",detail.php?exid=C20145987&sidSuffix=s20260203221243470&previous=,(-) trans-4r-(4-fluorophenyl)-3s-,CN
1G-10,Outsourcing,"Depew Fine Chemical Co., Ltd.",detail.php?exid=C20145987&sidSuffix=s20260203221243470&previous=,((4-phenylbutyl)hydroxyphosphoryl)acetic,CN
1H-32,Ingredients,DFE Pharma KK,detail.php?exid=C14017333&sidSuffix=s20260203221243470&previous=,Contact companies,Unknown
3C-23,Ingredients,"DIJIA PHARMACEUTICAL GROUP CO., LTD",detail.php?exid=C14148631&sidSuffix=s20260203221243470&previous=,Contact companies,Unknown
IT-06,Ingredients,DIPHARMA FRANCIS,detail.php?exid=C15147099&sidSuffix=s20260203221243470&previous=,Contact companies,Unknown
1C-38,Outsourcing,Dishman Carbogen Amcis,detail.php?exid=CF24120415&sidSuffix=s20260203221243470&previous=,Contact companies,Unknown
2G-04,Ingredients,DKSH Japan K.K.,detail.php?exid=C14017530&sidSuffix=s20260203221243470&previous=,Contact companies,Unknown
3F-38,Machinery/Equipment,DKSH Market Expansion Services Japan K.K.,detail.php?exid=C14015724&sidSuffix=s20260203221243470&previous=,Contact companies,Unknown
1D-22,Outsourcing,Dr. Reddy's Laboratories Ltd.,detail.php?exid=C14018171&sidSuffix=s20260203221243470&previous=,Contact companies,Unknown
3E-09,Bio Pharma,Duoning Japan,detail.php?exid=CF24140619&sidSuffix=s20260203221243470&previous=,Contact companies,Unknown
1H-48,Ingredients,East Rock Union Limited,detail.php?exid=CF26190926&sidSuffix=s20260203221243470&previous=,Contact companies,Unknown
1E-36,Ingredients,"EirGenix, Inc.",detail.php?exid=CF25188310&sidSuffix=s20260203221243470&previous=,Contact companies,Unknown
3E-35,Machinery/Equipment,ELGA Labowater,detail.php?exid=CF26104485&sidSuffix=s20260203221243470&previous=,Contact companies,Unknown
3F-04,Bio Pharma,EMBALL`ISO Japan K.K.,detail.php?exid=CF23154165&sidSuffix=s20260203221243470&previous=,Contact companies,Unknown
IT-01,Ingredients,"Embassy of Italy, Tokyo - Trade Promotion Section",detail.php?exid=C14016390&sidSuffix=s20260203221243470&previous=,Contact companies,Unknown
1J-45,Ingredients,"EOS MED CHEM CO., LTD",detail.php?exid=CF24175194&sidSuffix=s20260203221243470&previous=,Contact companies,Unknown
3B-41,Ingredients,Eqova Medicare,detail.php?exid=CF25121941&sidSuffix=s20260203221243470&previous=,Contact companies,Unknown
3H-12,Bio Pharma,"Erabu Japan Co.,Ltd",detail.php?exid=CF25183005&sidSuffix=s20260203221243470&previous=,Contact companies,Unknown
IT-08,Ingredients,ERREGIERRE SPA,detail.php?exid=C14016361&sidSuffix=s20260203221243470&previous=,Contact companies,Unknown
1D-08,Outsourcing,Erythro Pharma,not provided,Contact companies,Unknown
3A-01,Ingredients,"ESTCHEM CO., LTD.",detail.php?exid=CF25136010&sidSuffix=s20260203221243470&previous=,Contact companies,Unknown
1D-37,Outsourcing,ESTEVE CDMO,detail.php?exid=C20104090&sidSuffix=s20260203221243470&previous=,Contact companies,Unknown
1B-52,Outsourcing,ETHYPHARM,detail.php?exid=CF26197356&sidSuffix=s20260203221243470&previous=,Contact companies,Unknown
1B-22,Outsourcing,EURO API Japan G.K.,detail.php?exid=CF23170751&sidSuffix=s20260203221243470&previous=,Contact companies,Unknown
3H-11,Bio Pharma,Evaluate Japan K.K.,detail.php?exid=CF24164813&sidSuffix=s20260203221243470&previous=,Contact companies,Unknown
3H-28,Bio Pharma,EXTROVIS AG,detail.php?exid=CF26106388&sidSuffix=s20260203221243470&previous=,Contact companies,DE
1A-22,Outsourcing,Fareva,detail.php?exid=CF24136407&sidSuffix=s20260203221243470&previous=,Contact companies,Unknown
2D-41,Ingredients,"FarFavour Japan Co.,Ltd.",detail.php?exid=C20119271&sidSuffix=s20260203221243470&previous=,Contact companies,JP
IT-12,Ingredients,FARMABIOS,detail.php?exid=CF25181214&sidSuffix=s20260203221243470&previous=,Contact companies,Unknown
IT-13,Ingredients,FARMAFLOR GROUP,detail.php?exid=CF26141874&sidSuffix=s20260203221243470&previous=,Contact companies,Unknown
3B-35,Ingredients,"Farmasino Pharmaceuticals (Anhui) Co., Ltd",detail.php?exid=CF24132883&sidSuffix=s20260203221243470&previous=,Contact companies,Unknown
1A-30,Outsourcing,Fermion Oy,detail.php?exid=CF26133456&sidSuffix=s20260203221243470&previous=,Alprazolam,FI
1A-30,Outsourcing,Fermion Oy,detail.php?exid=CF26133456&sidSuffix=s20260203221243470&previous=,Azathioprine,FI
1A-30,Outsourcing,Fermion Oy,detail.php?exid=CF26133456&sidSuffix=s20260203221243470&previous=,Benserazide,FI
1A-30,Outsourcing,Fermion Oy,detail.php?exid=CF26133456&sidSuffix=s20260203221243470&previous=,Buspirone HCI,FI
1A-30,Outsourcing,Fermion Oy,detail.php?exid=CF26133456&sidSuffix=s20260203221243470&previous=,CARBIDOPA,FI
1A-24,Outsourcing,FIS,detail.php?exid=CF23191718&sidSuffix=s20260203221243470&previous=,Contact companies,Unknown
IT-20,Ingredients,FLAMMA SPA,detail.php?exid=CF23151871&sidSuffix=s20260203221243470&previous=,Contact companies,Unknown
1E-36,Ingredients,Formosa Laboratories Japan Inc.,detail.php?exid=C20112335&sidSuffix=s20260203221243470&previous=,Contact companies,JP
1E-36,Ingredients,"Formosa Laboratories, Inc.",detail.php?exid=C20117834&sidSuffix=s20260203221243470&previous=,Contact companies,Unknown
3G-05,Bio Pharma,FORMULATRIX International Trading FZ-LLC,detail.php?exid=CF26110967&sidSuffix=s20260203221243470&previous=,Contact companies,Unknown
2J-46,Formulation ＆ Packaging,"Fuji Capsule Co., Ltd",detail.php?exid=CF26141227&sidSuffix=s20260203221243470&previous=,Contact companies,Unknown
2A-25,Ingredients,Fuji Chemicals Ltd.,detail.php?exid=CF24168728&sidSuffix=s20260203221243470&previous=,Contact companies,Unknown
3B-24,Ingredients,Fujian Genohope Biotech Ltd.,detail.php?exid=CF26108599&sidSuffix=s20260203221243470&previous=,Contact companies,Unknown
3E-10,Bio Pharma,"FUJIFILM Toyama Chemical Co., Ltd.",detail.php?exid=CF23154010&sidSuffix=s20260203221243470&previous=,Contact companies,Unknown
2H-23,Ingredients,"FUJIMOTO CHEMICALS Co., LTD.",detail.php?exid=C14016467&sidSuffix=s20260203221243470&previous=,Contact companies,Unknown
2G-28,Ingredients,"Fukuzyu Pharmaceutical Co.,Ltd.",detail.php?exid=CF24133792&sidSuffix=s20260203221243470&previous=,Contact companies,Unknown
1E-44,Ingredients,"FuXin Custchem Fine Chemical Co.,Ltd.",detail.php?exid=F20154416&sidSuffix=s20260203221243470&previous=,Contact companies,Unknown
2J-16,Ingredients,"Fuxin Jintelai Fluorine Chemical Co., Ltd.",detail.php?exid=CF24180244&sidSuffix=s20260203221243470&previous=,Contact companies,Unknown
1G-45,Ingredients,GD BIOTECH Limited,detail.php?exid=CF26199057&sidSuffix=s20260203221243470&previous=,Contact companies,Unknown
1J-41,Ingredients,"Genchem & Genpham (Changzhou) Co., Ltd.",detail.php?exid=CF26158156&sidSuffix=s20260203221243470&previous=,Contact companies,Unknown
1E-05,Outsourcing,Genovior Biotech Corporation,detail.php?exid=CF21108971&sidSuffix=s20260203221243470&previous=,Contact companies,Unknown
3F-06,Bio Pharma,"Gensu Biotech Co., Ltd.",detail.php?exid=CF26105620&sidSuffix=s20260203221243470&previous=,Contact companies,Unknown
3E-28,Bio Pharma,GL BIOCHEM（SHANGHAI）LTD.,detail.php?exid=CF25103727&sidSuffix=s20260203221243470&previous=,Contact companies,Unknown
3E-36,Machinery/Equipment,"GL HAKKO CO.,LTD.",detail.php?exid=CF22162917&sidSuffix=s20260203221243470&previous=,Contact companies,Unknown
3H-01,Bio Pharma,"Global Information, Inc.",detail.php?exid=C14018952&sidSuffix=s20260203221243470&previous=,Contact companies,Unknown
2A-42,Ingredients,"GODO SHIGEN CO.,LTD.",detail.php?exid=C17196946&sidSuffix=s20260203221243470&previous=,Contact companies,Unknown
3G-28,Bio Pharma,"Guangdong Raffles PharmaTech Co., Ltd.",detail.php?exid=CF26197016&sidSuffix=s20260203221243470&previous=,Contact companies,Unknown
2F-32,Ingredients,"Hamari Chemicals, Ltd.",detail.php?exid=C14160189&sidSuffix=s20260203221243470&previous=,Contact companies,Unknown
3C-19,Ingredients,"HANGZHOU INSURE CHEMICAL CO.,LTD",detail.php?exid=CF26171130&sidSuffix=s20260203221243470&previous=,Contact companies,Unknown
1H-49,Ingredients,"Hangzhou Leap Chem Co., Ltd.",detail.php?exid=CF26109723&sidSuffix=s20260203221243470&previous=,Contact companies,Unknown
1E-35,Outsourcing,HANGZHOU PHARMCO CO LTD,detail.php?exid=CF25195521&sidSuffix=s20260203221243470&previous=,Contact companies,Unknown
3H-06,Bio Pharma,"HANGZHOU TOMSON BIOPHARMA CO.,LTD.",detail.php?exid=CF24127831&sidSuffix=s20260203221243470&previous=,Contact companies,Unknown
2J-19,Ingredients,Hangzhou Verychem Science And Technology Co.Ltd.,detail.php?exid=F18161465&sidSuffix=s20260203221243470&previous=,Contact companies,Unknown
2D-27,Ingredients,HARI ORGOCHEM PVT LTD,detail.php?exid=CF26153169&sidSuffix=s20260203221243470&previous=,Oxalyl Chloride,IN
2D-27,Ingredients,HARI ORGOCHEM PVT LTD,detail.php?exid=CF26153169&sidSuffix=s20260203221243470&previous=,Sodium Trichloroacetate,IN
2D-27,Ingredients,HARI ORGOCHEM PVT LTD,detail.php?exid=CF26153169&sidSuffix=s20260203221243470&previous=,Trichloroacetyl Chloride,IN
1B-37,Outsourcing,HAS Healthcare Advanced Synthesis,detail.php?exid=C14016635&sidSuffix=s20260203221243470&previous=,Contact companies,Unknown
3C-18,Ingredients,"Healthytree (Hangzhou) Medical Device Co., Ltd",detail.php?exid=CF26136960&sidSuffix=s20260203221243470&previous=,Contact companies,Unknown
1A-10,Outsourcing,"HEBEI DAPENG PHARM & CHEM CO., LTD",detail.php?exid=C15126384&sidSuffix=s20260203221243470&previous=,Contact companies,Unknown
2J-37,Ingredients,"Hebei Guangxiang Pharmaceutical Co., Ltd.",detail.php?exid=CF24152419&sidSuffix=s20260203221243470&previous=,Contact companies,Unknown
1H-35,Ingredients,Hedinger,detail.php?exid=CF25127439&sidSuffix=s20260203221243470&previous=,Contact companies,Unknown
3E-32,Machinery/Equipment,"Henan Yuanfang Environmental Protection Equipment Co., Ltd.",detail.php?exid=CF26168517&sidSuffix=s20260203221243470&previous=,Contact companies,Unknown
1H-12,Ingredients,Heraeus Precious Metals,detail.php?exid=C14017291&sidSuffix=s20260203221243470&previous=,Contact companies,Unknown
2D-22,Ingredients,Hetero Drugs Limited,detail.php?exid=C14017299&sidSuffix=s20260203221243470&previous=,Contact companies,Unknown
1E-32,Ingredients,"HighChem Company, Ltd.",detail.php?exid=C14019011&sidSuffix=s20260203221243470&previous=,Contact companies,Unknown
3B-08,Ingredients,HIKAL LIMITED,detail.php?exid=C14016503&sidSuffix=s20260203221243470&previous=,Contact companies,Unknown
3E-26,Bio Pharma,HitGen Inc.,detail.php?exid=CF21189395&sidSuffix=s20260203221243470&previous=,Contact companies,Unknown
1B-41,Outsourcing,Honour Lab Limited,detail.php?exid=CF25136204&sidSuffix=s20260203221243470&previous=,"(1s, 2s, 3s, 5s)-3-(Benzyloxy)-5-(6-",IN
1B-41,Outsourcing,Honour Lab Limited,detail.php?exid=CF25136204&sidSuffix=s20260203221243470&previous=,"(2r-Cis)-5-(4-Amino-1,2-Dihydro-2-Oxo-1-",IN
1B-41,Outsourcing,Honour Lab Limited,detail.php?exid=CF25136204&sidSuffix=s20260203221243470&previous=,"(2r,5r)-5-(4-Amino-5-Fluoro-2-Oxo-2h-",IN
1B-41,Outsourcing,Honour Lab Limited,detail.php?exid=CF25136204&sidSuffix=s20260203221243470&previous=,"(2s,3s,5s)-2-Amino-3-Hydroxy-5-Tert",IN
1B-31,Outsourcing,Hovione,detail.php?exid=C14011005&sidSuffix=s20260203221243470&previous=,Contact companies,Unknown
3A-30,Ingredients,"Huanggang Luban Pharmaceutical Co., ltd.",detail.php?exid=C14178551&sidSuffix=s20260203221243470&previous=,Contact companies,Unknown
1C-07,Ingredients,HUATAI BIOPHARM INC.,detail.php?exid=CF23112814&sidSuffix=s20260203221243470&previous=,Contact companies,Unknown
2K-32,Ingredients,"Hubei Gedian Humanwell Pharmaceutical Co.,ltd.",detail.php?exid=CF23188783&sidSuffix=s20260203221243470&previous=,Contact companies,Unknown
1G-44,Ingredients,"HUBEI HUIDA HIGH-TECH CO., LTD.",detail.php?exid=CF24158182&sidSuffix=s20260203221243470&previous=,Contact companies,Unknown
2K-16,Ingredients,"Hubei Tianshu Pharmaceutical Co., Ltd.",detail.php?exid=CF26176667&sidSuffix=s20260203221243470&previous=,Contact companies,Unknown
1B-12,Ingredients,"Hubei XinJing New Material Co.,LTD",detail.php?exid=C14018393&sidSuffix=s20260203221243470&previous=,Contact companies,Unknown
3E-37,Machinery/Equipment,HUBER - EKO,detail.php?exid=C17116371&sidSuffix=s20260203221243470&previous=,Contact companies,Unknown
1D-26,Outsourcing,"Hunan Huateng Pharmaceutical Co., Ltd.",detail.php?exid=CF24130143&sidSuffix=s20260203221243470&previous=,Contact companies,Unknown
2J-32,Ingredients,Hunan Jiudian Hongyang Pharmaceutical,detail.php?exid=CF25105664&sidSuffix=s20260203221243470&previous=,Contact companies,Unknown
1F-46,Ingredients,"Hunan Weite Pharmaceutical Co., Ltd.",detail.php?exid=CF26164440&sidSuffix=s20260203221243470&previous=,Contact companies,Unknown
2D-40,Ingredients,HYDRUS CHEMICAL INC.,detail.php?exid=C14016764&sidSuffix=s20260203221243470&previous=,Contact companies,Unknown
IT-17,Ingredients,IBSA,detail.php?exid=CF23100158&sidSuffix=s20260203221243470&previous=,Contact companies,Unknown
1C-27,Outsourcing,ICE Pharma,detail.php?exid=CF24132396&sidSuffix=s20260203221243470&previous=,Contact companies,Unknown
3E-30,Bio Pharma,"Ichimaru Co., Ltd",detail.php?exid=CF25147402&sidSuffix=s20260203221243470&previous=,Contact companies,Unknown
IT-18,Ingredients,ICROM,detail.php?exid=CF24198670&sidSuffix=s20260203221243470&previous=,Contact companies,Unknown
1B-28,Outsourcing,IDEOLON,detail.php?exid=CF24142939&sidSuffix=s20260203221243470&previous=,Asia's First Live audit report Library,IN
1B-28,Outsourcing,IDEOLON,detail.php?exid=CF24142939&sidSuffix=s20260203221243470&previous=,GMP audits,IN
1B-28,Outsourcing,IDEOLON,detail.php?exid=CF24142939&sidSuffix=s20260203221243470&previous=,Quality Compliance Services,IN
1B-13,Outsourcing,"IL Contract Packaging Co., Ltd.",detail.php?exid=CF25132387&sidSuffix=s20260203221243470&previous=,Contact companies,DE
1B-13,Outsourcing,"IL Pharma Packaging Co., Ltd.",detail.php?exid=CF25114317&sidSuffix=s20260203221243470&previous=,Contact companies,DE
2H-35,Ingredients,ILS Inc.,detail.php?exid=CF24129591&sidSuffix=s20260203221243470&previous=,Contact companies,Unknown
IT-11,Ingredients,IMS MICRONIZZAZIONI,detail.php?exid=CF23164010&sidSuffix=s20260203221243470&previous=,Contact companies,Unknown
3E-21,Bio Pharma,"Inabata & Co., Ltd.",detail.php?exid=C19127327&sidSuffix=s20260203221243470&previous=,Contact companies,Unknown
IT-09,Ingredients,INDENA,detail.php?exid=CF26100331&sidSuffix=s20260203221243470&previous=,Contact companies,Unknown
3D-46,Ingredients,"INIST ST CO.,LTD",detail.php?exid=C19116062&sidSuffix=s20260203221243470&previous=,Contact companies,Unknown
1J-29,Ingredients,International Pharmaceutical Excipients Council Japan,detail.php?exid=C14017409&sidSuffix=s20260203221243470&previous=,Contact companies,Unknown
3D-04,Ingredients,"ISEKYU CO., LTD.",detail.php?exid=C15110853&sidSuffix=s20260203221243470&previous=,Contact companies,Unknown
3G-36,Machinery/Equipment,Ito Corporation,detail.php?exid=CF25117782&sidSuffix=s20260203221243470&previous=,Contact companies,Unknown
1J-34,Ingredients,ITOCHU CHEMICAL FRONTIER Corporation,detail.php?exid=C14016232&sidSuffix=s20260203221243470&previous=,Contact companies,Unknown
2G-26,Ingredients,Japan Active Pharmaceutical Ingredient Association,detail.php?exid=CF24102603&sidSuffix=s20260203221243470&previous=,Contact companies,Unknown
3G-02,Bio Pharma,Japan Biological Informatics Consortium (JBIC),detail.php?exid=C14016516&sidSuffix=s20260203221243470&previous=,Contact companies,Unknown
3F-36,Machinery/Equipment,Japan Used Measuring Instruments,detail.php?exid=CF26139352&sidSuffix=s20260203221243470&previous=,Contact companies,Unknown
3G-30,Bio Pharma,JASCO Corporation,detail.php?exid=CF24158108&sidSuffix=s20260203221243470&previous=,Contact companies,Unknown
2E-28,Ingredients,JAY FINECHEM PRIVATE LIMITED,detail.php?exid=CF23191838&sidSuffix=s20260203221243470&previous=,Contact companies,IN
3H-02,Bio Pharma,"Jiangsu Dawning Pharmaceutical Co., Ltd.",detail.php?exid=CF26155154&sidSuffix=s20260203221243470&previous=,Contact companies,Unknown
2J-05,Ingredients,"Jiangsu Guotai Guomian Trading Co., Ltd.",detail.php?exid=CF23145615&sidSuffix=s20260203221243470&previous=,Contact companies,Unknown
1J-10,Outsourcing,"Jiangsu Hansoh Pharmaceutical Group Co., Ltd.",detail.php?exid=C14017107&sidSuffix=s20260203221243470&previous=,Emei ning,CN
1J-10,Outsourcing,"Jiangsu Hansoh Pharmaceutical Group Co., Ltd.",detail.php?exid=C14017107&sidSuffix=s20260203221243470&previous=,Fondi (sulfate injection cefoselis),CN
1J-10,Outsourcing,"Jiangsu Hansoh Pharmaceutical Group Co., Ltd.",detail.php?exid=C14017107&sidSuffix=s20260203221243470&previous=,Fry because (gliclazide mr),CN
1J-10,Outsourcing,"Jiangsu Hansoh Pharmaceutical Group Co., Ltd.",detail.php?exid=C14017107&sidSuffix=s20260203221243470&previous=,Fu come and (repaglinide metformin),CN
1J-10,Outsourcing,"Jiangsu Hansoh Pharmaceutical Group Co., Ltd.",detail.php?exid=C14017107&sidSuffix=s20260203221243470&previous=,Fu to di (repaglinide),CN
1H-43,Ingredients,"JIANGSU JIAERKE PHARMACEUTICALS GROUP CORP., LTD.",detail.php?exid=C17152046&sidSuffix=s20260203221243470&previous=,Contact companies,Unknown
1D-07,Ingredients,"Jiangsu Qingquan Chemical Co., Ltd",detail.php?exid=CF23109327&sidSuffix=s20260203221243470&previous=,Contact companies,Unknown
1C-03,Ingredients,Jiangsu SimPros Pharmaceuticals Ltd.,detail.php?exid=CF25177308&sidSuffix=s20260203221243470&previous=,Contact companies,Unknown
3C-24,Ingredients,"JiangSu WanZhen Pharmaceutical Technology co.,ltd.",detail.php?exid=C18162670&sidSuffix=s20260203221243470&previous=,Contact companies,Unknown
3B-15,Ingredients,JIANGSU ZENJI PHARMACEUTICALS LTD,detail.php?exid=CF26162829&sidSuffix=s20260203221243470&previous=,Contact companies,Unknown
3B-27,Ingredients,"Jiangxi Fangzun Pharmaceutical & Chemical Co., ltd",detail.php?exid=C17148353&sidSuffix=s20260203221243470&previous=,Contact companies,Unknown
2K-27,Ingredients,"Jiangxi Guohua Pharmaceutical Technology Co., Ltd.",detail.php?exid=CF26186594&sidSuffix=s20260203221243470&previous=,Contact companies,Unknown
2A-07,Ingredients,"Jiangxi Synergy Pharmaceutical Co., Ltd.",detail.php?exid=C14141990&sidSuffix=s20260203221243470&previous=,Contact companies,Unknown
3A-35,Ingredients,"Jiaozuo Zhongwei Special Products Pharmaceutical Co., Ltd.",detail.php?exid=CF26179085&sidSuffix=s20260203221243470&previous=,Contact companies,Unknown
3B-18,Ingredients,"Jinan Hong Sendi New Materials Co.,Ltd",detail.php?exid=CF26156430&sidSuffix=s20260203221243470&previous=,Contact companies,Unknown
3B-31,Ingredients,"JINAN MINGXIN PHARMACEUTICAL CO., LTD.",detail.php?exid=CF26135808&sidSuffix=s20260203221243470&previous=,Contact companies,Unknown
3B-19,Ingredients,"Jinan Shangbo Pharmaceutical Co., Ltd.",detail.php?exid=CF25180770&sidSuffix=s20260203221243470&previous=,Contact companies,Unknown
3B-16,Ingredients,"Jinan Wanxingda Chemical Co., Ltd.",detail.php?exid=C17178795&sidSuffix=s20260203221243470&previous=,Contact companies,Unknown
1F-50,Ingredients,"Jinzhou Weiyuan Sanyi Technology Co., LTD.",detail.php?exid=CF26176364&sidSuffix=s20260203221243470&previous=,Contact companies,Unknown
1E-26,Outsourcing,JUBILANT INGREVIA,detail.php?exid=C14016615&sidSuffix=s20260203221243470&previous=,Contact companies,Unknown
3H-38,Machinery/Equipment,"JULABO JAPAN Co.,Ltd.",detail.php?exid=C14017514&sidSuffix=s20260203221243470&previous=,Contact companies,JP
2H-27,Ingredients,JUZEN CHEMICAL CORPORATION,detail.php?exid=C14016192&sidSuffix=s20260203221243470&previous=,Contact companies,Unknown
1J-07,Ingredients,"K. SAKAI & CO., LTD.",detail.php?exid=CF26124218&sidSuffix=s20260203221243470&previous=,Contact companies,Unknown
1D-27,Outsourcing,KANEKA CORPORATION,detail.php?exid=CF23119922&sidSuffix=s20260203221243470&previous=,Contact companies,Unknown
2H-33,Ingredients,"KATAYAMA SEIYAKUSYO CO., LTD.",detail.php?exid=CF24104186&sidSuffix=s20260203221243470&previous=,Contact companies,Unknown
3G-08,Bio Pharma,"Katsura Sangyo Co., Ltd.",detail.php?exid=CF26128423&sidSuffix=s20260203221243470&previous=,Contact companies,Unknown
1J-03,Ingredients,"KAWAGUCHI CHEMICAL INDUSTRY CO., LTD.",detail.php?exid=CF26179209&sidSuffix=s20260203221243470&previous=,1-(3-dimethylaminopropyl)-3-ethyl-,JP
1J-03,Ingredients,"KAWAGUCHI CHEMICAL INDUSTRY CO., LTD.",detail.php?exid=CF26179209&sidSuffix=s20260203221243470&previous=,1-phenyl-2-mercaptobenzimidazole,JP
3E-44,Ingredients,"Keisho Pharmaceutical Co., Ltd.",detail.php?exid=CF26167553&sidSuffix=s20260203221243470&previous=,Contact companies,Unknown
2K-35,Ingredients,"Keylab (Jiangsu) Technology Co.,Ltd.",detail.php?exid=CF24125069&sidSuffix=s20260203221243470&previous=,Contact companies,Unknown
2B-06,Ingredients,"Kingchem (Liaoning) Life Science Co., Ltd",detail.php?exid=C14018602&sidSuffix=s20260203221243470&previous=,Contact companies,Unknown
1F-03,Outsourcing,"KNC Laboratories Co., Ltd.",detail.php?exid=C14018768&sidSuffix=s20260203221243470&previous=,Contact companies,Unknown
1F-04,Ingredients,"Koa Shoji Co., Ltd.",detail.php?exid=C14016462&sidSuffix=s20260203221243470&previous=,Contact companies,Unknown
2A-02,Ingredients,"KOBE FINECHEMICAL CO.,LTD.",detail.php?exid=CF26182795&sidSuffix=s20260203221243470&previous=,Contact companies,Unknown
2J-51,Formulation ＆ Packaging,KOGA ISOTOPE LTD.,detail.php?exid=CF26187748&sidSuffix=s20260203221243470&previous=,Contact companies,Unknown
2B-22,Ingredients,"Kolon Life Science, Inc.",detail.php?exid=C15113650&sidSuffix=s20260203221243470&previous=,Contact companies,Unknown
3E-07,Bio Pharma,Komatsu Airport Association,detail.php?exid=CF22124131&sidSuffix=s20260203221243470&previous=,Contact companies,Unknown
2G-33,Ingredients,"KONGO CHEMICAL CO., LTD.",detail.php?exid=CF25110435&sidSuffix=s20260203221243470&previous=,Contact companies,Unknown
2E-38,Ingredients,"Konishiyasu Co.,Ltd.",detail.php?exid=C18148379&sidSuffix=s20260203221243470&previous=,Contact companies,Unknown
TBD,Ingredients,Korea Pharmaceutical Traders Association  (KPTA),detail.php?exid=C14016420&sidSuffix=s20260203221243470&previous=,Contact companies,Unknown
1A-34,Outsourcing,"KOUGEN SANGYO CO.,LTD",detail.php?exid=CF23145159&sidSuffix=s20260203221243470&previous=,Contact companies,Unknown
1A-14,Outsourcing,"Kuraray Co.,Ltd.",detail.php?exid=CF24120420&sidSuffix=s20260203221243470&previous=,Contact companies,Unknown
3F-25,Bio Pharma,"Kuryuu Bio-Pharmaceuticals Co., Ltd.",detail.php?exid=CF26113707&sidSuffix=s20260203221243470&previous=,Contact companies,Unknown
2B-30,Ingredients,Kyodo International Corporation,detail.php?exid=CF24151835&sidSuffix=s20260203221243470&previous=,Contact companies,Unknown
3D-31,Ingredients,"Kyongbo Pharmaceutical Co., Ltd",detail.php?exid=C14018948&sidSuffix=s20260203221243470&previous=,7-ACT for Ceftriaxone,KR
3D-31,Ingredients,"Kyongbo Pharmaceutical Co., Ltd",detail.php?exid=C14018948&sidSuffix=s20260203221243470&previous=,7-AMC for Cefroxadine,KR
3D-31,Ingredients,"Kyongbo Pharmaceutical Co., Ltd",detail.php?exid=C14018948&sidSuffix=s20260203221243470&previous=,7-AMCA for Cefpodoxime,KR
3D-31,Ingredients,"Kyongbo Pharmaceutical Co., Ltd",detail.php?exid=C14018948&sidSuffix=s20260203221243470&previous=,7-ANCA for Ceftizoxime and Ceftibuten,KR
3D-31,Ingredients,"Kyongbo Pharmaceutical Co., Ltd",detail.php?exid=C14018948&sidSuffix=s20260203221243470&previous=,7-DMT for Cefotiam,KR
2H-21,Ingredients,"KYOWA PHARMA CHEMICAL CO., LTD.",detail.php?exid=CF22109474&sidSuffix=s20260203221243470&previous=,Contact companies,Unknown
1B-45,Outsourcing,Labfit&Pharmapoli,detail.php?exid=CF26158775&sidSuffix=s20260203221243470&previous=,Contact companies,Unknown
IT-04,Ingredients,LABORATORI ALCHEMIA,detail.php?exid=C14018386&sidSuffix=s20260203221243470&previous=,Contact companies,Unknown
2D-29,Ingredients,Laksh Finechem Pvt Ltd,detail.php?exid=CF25162642&sidSuffix=s20260203221243470&previous=,Contact companies,IN
3D-25,Ingredients,Lianhe Aigen Pharma,detail.php?exid=C14016272&sidSuffix=s20260203221243470&previous=,Contact companies,Unknown
1G-43,Ingredients,"LIANYUNGANG RIFENG CALCIUM&MAGNESIUM CO., LTD",detail.php?exid=CF25164047&sidSuffix=s20260203221243470&previous=,Contact companies,DE
2B-44,Ingredients,"LIFECOME BIOCHEMISTRY CO., LTD.",detail.php?exid=CF26164716&sidSuffix=s20260203221243470&previous=,Contact companies,Unknown
1D-10,Outsourcing,Lonza,detail.php?exid=C14016176&sidSuffix=s20260203221243470&previous=,Contact companies,Unknown
3A-04,Ingredients,"LUNAN NEW TIME BIO-TECH CO., LTD.",detail.php?exid=CF24152421&sidSuffix=s20260203221243470&previous=,Contact companies,Unknown
1B-44,Outsourcing,Lupin Manufacturing Solutions Limited,detail.php?exid=CF26188064&sidSuffix=s20260203221243470&previous=,Contact companies,Unknown
IT-15,Ingredients,LUSOCHIMICA,detail.php?exid=CF25183466&sidSuffix=s20260203221243470&previous=,Contact companies,Unknown
2G-22,Ingredients,MANAC Incorporated,detail.php?exid=C14016193&sidSuffix=s20260203221243470&previous=,Contact companies,Unknown
2D-07,Ingredients,Manareco Japan,detail.php?exid=CF23142193&sidSuffix=s20260203221243470&previous=,Contact companies,Unknown
IT-14,Ingredients,MAR-FARMA,detail.php?exid=CF26113408&sidSuffix=s20260203221243470&previous=,Contact companies,Unknown
3C-50,Ingredients,Marubeni Chemix Corporation,detail.php?exid=CF26103531&sidSuffix=s20260203221243470&previous=,Contact companies,Unknown
2D-35,Ingredients,"MARUZEN CHEMICALS CO., LTD.",detail.php?exid=C14017461&sidSuffix=s20260203221243470&previous=,Contact companies,Unknown
2E-32,Ingredients,Matrix Pharmacorp Private Limited,detail.php?exid=C15125575&sidSuffix=s20260203221243470&previous=,Contact companies,IN
2H-01,Ingredients,"MDL CHEMIPHARM CO.,LTD",detail.php?exid=CF26135409&sidSuffix=s20260203221243470&previous=,Contact companies,Unknown
3D-02,Ingredients,Médecins du Monde Japan,detail.php?exid=CF21110147&sidSuffix=s20260203221243470&previous=,Contact companies,Unknown
3F-23,Bio Pharma,MediumBank,detail.php?exid=CF26139880&sidSuffix=s20260203221243470&previous=,Contact companies,Unknown
1J-48,Ingredients,Metrochem API Private Limited,detail.php?exid=C14017458&sidSuffix=s20260203221243470&previous=,Contact companies,IN
1F-01,Outsourcing,Mie Prefecture Environmental Conservation Agency,detail.php?exid=CF26114193&sidSuffix=s20260203221243470&previous=,Contact companies,DE
2B-10,Ingredients,MINAKEM SAS,detail.php?exid=C18182394&sidSuffix=s20260203221243470&previous=,Contact companies,Unknown
3G-21,Bio Pharma,"Mitsui Fudosan Co., Ltd.",detail.php?exid=CF25171168&sidSuffix=s20260203221243470&previous=,Contact companies,Unknown
2C-48,Ingredients,MOREPEN LABORATORIES LIMITED,detail.php?exid=CF25181575&sidSuffix=s20260203221243470&previous=,Contact companies,Unknown
3D-30,Ingredients,MSN LABORATORIES,detail.php?exid=CF24174085&sidSuffix=s20260203221243470&previous=,Contact companies,Unknown
2F-26,Ingredients,MUROMACHI CHEMICALS INC.,detail.php?exid=C15174894&sidSuffix=s20260203221243470&previous=,Contact companies,Unknown
2G-36,Ingredients,"Nagase & Co., Ltd.",detail.php?exid=C19190545&sidSuffix=s20260203221243470&previous=,Contact companies,DE
3G-39,Machinery/Equipment,"NAKAMURA SCIENTIFIC INSTRUMENT CO., LTD.",detail.php?exid=F19199103&sidSuffix=s20260203221243470&previous=,Contact companies,Unknown
3C-47,Ingredients,"NAKAMURA SCIENTIFIC INSTRUMENT CO., LTD.",detail.php?exid=CF25127128&sidSuffix=s20260203221243470&previous=,Contact companies,Unknown
3D-45,Ingredients,"NAKAMURA TRADING (HONGKONG) CO., LTD",detail.php?exid=CF26144681&sidSuffix=s20260203221243470&previous=,Contact companies,Unknown
3H-35,Machinery/Equipment,"NAKAYAMA Corporation, Ltd.",detail.php?exid=CF26187230&sidSuffix=s20260203221243470&previous=,Contact companies,Unknown
1C-41,Outsourcing,"Namiki Shoji Co., Ltd.",detail.php?exid=C16171548&sidSuffix=s20260203221243470&previous=,Contact companies,Unknown
1B-05,Outsourcing,"Nanjing Dorra Pharmaceutical Technology Co., Ltd",detail.php?exid=C14018823&sidSuffix=s20260203221243470&previous=,Contact companies,Unknown
3D-04,Ingredients,Nanjing Joyin Pharmachem Co. Ltd.,detail.php?exid=C15153622&sidSuffix=s20260203221243470&previous=,Contact companies,Unknown
1H-50,Ingredients,"Nanjing Sincerity Chemical Co., Ltd",detail.php?exid=CF26140522&sidSuffix=s20260203221243470&previous=,Contact companies,Unknown
3C-17,Ingredients,NanoMicro,detail.php?exid=CF26147549&sidSuffix=s20260203221243470&previous=,Contact companies,Unknown
1J-01,Ingredients,"NANTONG ACETIC ACID CHEMICAL CO., LTD.",detail.php?exid=C14016665&sidSuffix=s20260203221243470&previous=,Contact companies,Unknown
1B-33,Outsourcing,Navin Molecular,detail.php?exid=CF25139385&sidSuffix=s20260203221243470&previous=,Contact companies,Unknown
3A-10,Ingredients,NCK A/S,detail.php?exid=CF24122085&sidSuffix=s20260203221243470&previous=,Contact companies,Unknown
1D-32,Outsourcing,"NEO CHEMICAL CO., LTD",detail.php?exid=F18116387&sidSuffix=s20260203221243470&previous=,Contact companies,Unknown
2C-04,Ingredients,NEOGEN CHEMICALS,detail.php?exid=C15120190&sidSuffix=s20260203221243470&previous=,Contact companies,Unknown
2G-10,Ingredients,Neuland Laboratories K.K.,detail.php?exid=C14018002&sidSuffix=s20260203221243470&previous=,Contact companies,Unknown
2C-35,Ingredients,NEUTEC Pharmaceutical,detail.php?exid=CF26185767&sidSuffix=s20260203221243470&previous=,Contact companies,Unknown
1A-28,Outsourcing,NewAtom Labs Private Limited,detail.php?exid=CF25138083&sidSuffix=s20260203221243470&previous=,Contact companies,IN
IT-10,Ingredients,NEWCHEM,detail.php?exid=CF23197870&sidSuffix=s20260203221243470&previous=,Contact companies,Unknown
3G-31,Machinery/Equipment,Nihon Waters K.K.,detail.php?exid=C14018719&sidSuffix=s20260203221243470&previous=,Contact companies,Unknown
1H-31,Ingredients,"Nikko Chemicals Co., Ltd.",detail.php?exid=CF25183586&sidSuffix=s20260203221243470&previous=,Contact companies,Unknown
1H-40,Ingredients,"Nikko Chemicals Co., Ltd.",detail.php?exid=C14013997&sidSuffix=s20260203221243470&previous=,Contact companies,Unknown
3C-30,Ingredients,"NINGBO CHEMIK CO., LTD.",detail.php?exid=CF24184512&sidSuffix=s20260203221243470&previous=,Contact companies,Unknown
1F-04,Ingredients,Ningbo Fengrui Fine Chemical Ltd.,detail.php?exid=C14017387&sidSuffix=s20260203221243470&previous=,Contact companies,Unknown
2C-36,Ingredients,"NIPPOH CHEMICALS CO., LTD.",detail.php?exid=C14014070&sidSuffix=s20260203221243470&previous=,Contact companies,Unknown
2F-42,Formulation ＆ Packaging,"Nippon Becton Dickinson Co, Ltd.",detail.php?exid=CF21178683&sidSuffix=s20260203221243470&previous=,Contact companies,Unknown
2C-02,Ingredients,"NIPPON BULK YAKUHIN CO., LTD",detail.php?exid=C16176428&sidSuffix=s20260203221243470&previous=,Contact companies,Unknown
2A-41,Ingredients,"Nippon Light Metal Company, Ltd.",detail.php?exid=C14018912&sidSuffix=s20260203221243470&previous=,Contact companies,Unknown
2E-35,Ingredients,"Nippon Rika Co.,Ltd.",detail.php?exid=CF23129209&sidSuffix=s20260203221243470&previous=,Contact companies,Unknown
1F-07,Ingredients,"NIPPON SHOKUBAI CO., LTD.",detail.php?exid=CF22169862&sidSuffix=s20260203221243470&previous=,Contact companies,Unknown
1H-36,Ingredients,"NIPPON SODA CO., LTD.",detail.php?exid=C14016500&sidSuffix=s20260203221243470&previous=,Contact companies,Unknown
2H-42,Formulation ＆ Packaging,NIPRO CORPORATION,detail.php?exid=C14018863&sidSuffix=s20260203221243470&previous=,Contact companies,Unknown
2J-49,Formulation ＆ Packaging,"Nissha Co.,Ltd",detail.php?exid=CF22171793&sidSuffix=s20260203221243470&previous=,Contact companies,Unknown
2D-32,Ingredients,"NISSO SHOJI CO., LTD.",detail.php?exid=CF24132345&sidSuffix=s20260203221243470&previous=,Contact companies,Unknown
2D-50,Ingredients,NOF CORPORATION,detail.php?exid=CF26101461&sidSuffix=s20260203221243470&previous=,Contact companies,Unknown
2J-01,Ingredients,Novartis Pharma,detail.php?exid=CF23140983&sidSuffix=s20260203221243470&previous=,Contact companies,Unknown
1B-46,Outsourcing,Novopor Advanced Science Private Limited,detail.php?exid=CF26106033&sidSuffix=s20260203221243470&previous=,Contact companies,IN
1B-32,Outsourcing,OC SPECIALITIES PVT. LTD.,detail.php?exid=C18133867&sidSuffix=s20260203221243470&previous=,Contact companies,IN
3D-42,Outsourcing,Oceanic Pharmachem Pvt Ltd.,detail.php?exid=CF25119221&sidSuffix=s20260203221243470&previous=,Contact companies,IN
1A-32,Outsourcing,OLIC (Thailand) Limited,detail.php?exid=CF25111013&sidSuffix=s20260203221243470&previous=,Contract Manufacturing Dosage Forms Service,TH
1A-32,Outsourcing,OLIC (Thailand) Limited,detail.php?exid=CF25111013&sidSuffix=s20260203221243470&previous=,Contract Manufacturing Package Services,TH
1D-48,Outsourcing,Olive Pharmascience LTD,detail.php?exid=CF26136397&sidSuffix=s20260203221243470&previous=,Alfacalcidol Soft Gels 0.25 mcg,IN
1D-48,Outsourcing,Olive Pharmascience LTD,detail.php?exid=CF26136397&sidSuffix=s20260203221243470&previous=,Alfacalcidol Soft Gels 0.50 mcg,IN
1D-48,Outsourcing,Olive Pharmascience LTD,detail.php?exid=CF26136397&sidSuffix=s20260203221243470&previous=,Alfacalcidol Soft Gels 1 mcg,IN
2E-33,Ingredients,"OLON S,p.A.",detail.php?exid=C14018694&sidSuffix=s20260203221243470&previous=,Contact companies,Unknown
1A-39,Outsourcing,OneSource Specialty Pharma,detail.php?exid=CF26162908&sidSuffix=s20260203221243470&previous=,Drug-device combinations,IN
1A-39,Outsourcing,OneSource Specialty Pharma,detail.php?exid=CF26162908&sidSuffix=s20260203221243470&previous=,Complex injectables,IN
1A-39,Outsourcing,OneSource Specialty Pharma,detail.php?exid=CF26162908&sidSuffix=s20260203221243470&previous=,Biologics,IN
1A-39,Outsourcing,OneSource Specialty Pharma,detail.php?exid=CF26162908&sidSuffix=s20260203221243470&previous=,Oral technologies (softgel capsules),IN
IT-19,Ingredients,OPOCRIN S.P.A.,detail.php?exid=CF24134287&sidSuffix=s20260203221243470&previous=,Contact companies,Unknown
2G-25,Ingredients,OSAKA YUKA INDUSTRY LTD.,detail.php?exid=F19164706&sidSuffix=s20260203221243470&previous=,Contact companies,JP
3B-41,Ingredients,OZ International Inc.,detail.php?exid=CF26143893&sidSuffix=s20260203221243470&previous=,Contact companies,Unknown
2D-21,Ingredients,Pacific Organic Pvt Ltd,detail.php?exid=CF23113754&sidSuffix=s20260203221243470&previous=,Contact companies,IN
1C-42,Outsourcing,Patheon by Thermo Fisher Scientific,detail.php?exid=C14016732&sidSuffix=s20260203221243470&previous=,Contact companies,Unknown
3D-37,Ingredients,Paushak Limited,detail.php?exid=CF25195245&sidSuffix=s20260203221243470&previous=,Contact companies,Unknown
2D-47,Ingredients,"PERCHERON BIOCEUTICAL CO., LTD.",detail.php?exid=CF26163028&sidSuffix=s20260203221243470&previous=,Contact companies,Unknown
2C-09,Ingredients,Perfect Care,detail.php?exid=CF24195185&sidSuffix=s20260203221243470&previous=,CERVIRON ovules,RO
2C-09,Ingredients,Perfect Care,detail.php?exid=CF24195185&sidSuffix=s20260203221243470&previous=,HALOVA ovules,RO
3A-01,Ingredients,"Peric Special Gases Co.,Ltd",not provided,Contact companies,Unknown
2G-32,Ingredients,"Pharma Planning Co., Ltd.",detail.php?exid=C16150477&sidSuffix=s20260203221243470&previous=,Contact companies,Unknown
1C-11,Ingredients,"PharmaBlock Sciences (Nanjing), Inc.",detail.php?exid=CF25149084&sidSuffix=s20260203221243470&previous=,Contact companies,Unknown
2C-31,Ingredients,PHT,detail.php?exid=F20165937&sidSuffix=s20260203221243470&previous=,Contact companies,Unknown
1E-04,Outsourcing,PI Health Sciences Ltd.,detail.php?exid=CF24169650&sidSuffix=s20260203221243470&previous=,Contact companies,Unknown
1C-32,Outsourcing,Piramal Pharma Solutions,detail.php?exid=CF22133041&sidSuffix=s20260203221243470&previous=,Contact companies,Unknown
1B-38,Outsourcing,Porton Pharma Solutions Ltd.,detail.php?exid=CF23118540&sidSuffix=s20260203221243470&previous=,Advanced Therapy Medicinal Products CRO &,CN
1B-38,Outsourcing,Porton Pharma Solutions Ltd.,detail.php?exid=CF23118540&sidSuffix=s20260203221243470&previous=,Biologics and Conjugates CDMO Services,CN
1B-38,Outsourcing,Porton Pharma Solutions Ltd.,detail.php?exid=CF23118540&sidSuffix=s20260203221243470&previous=,Small Molecules CDMO Services,CN
1B-38,Outsourcing,Porton Pharma Solutions Ltd.,detail.php?exid=CF23118540&sidSuffix=s20260203221243470&previous=,Tides CDMO Services,CN
3A-10,Ingredients,PProlife Bio Chemical Industries Pvt. Ltd.,detail.php?exid=CF21165656&sidSuffix=s20260203221243470&previous=,Contact companies,IN
1J-26,Ingredients,Pratap Organics Pvt. Ltd.,detail.php?exid=C14019005&sidSuffix=s20260203221243470&previous=,"BROMINE DERIVATIVES, PHASE TRANSFER",IN
1H-02,Ingredients,"Prince Pharmaceutical Co., Ltd.",detail.php?exid=CF26105580&sidSuffix=s20260203221243470&previous=,Contact companies,Unknown
1G-41,Ingredients,"Qi-Chem Co.,Ltd.",detail.php?exid=C14018878&sidSuffix=s20260203221243470&previous=,Contact companies,Unknown
2J-25,Ingredients,"Qingdao Bright Moon Seaweed Group Co.,Ltd",detail.php?exid=CF24163603&sidSuffix=s20260203221243470&previous=,Contact companies,Unknown
2K-21,Ingredients,"Qingdao Kingway Pharmtech Co.,Ltd.",detail.php?exid=CF24143870&sidSuffix=s20260203221243470&previous=,Contact companies,Unknown
3A-06,Ingredients,"Qingdao Union Fine Chemical Co., Ltd.",detail.php?exid=CF26125956&sidSuffix=s20260203221243470&previous=,Contact companies,Unknown
1C-31,Outsourcing,Quotient Sciences,detail.php?exid=CF24168686&sidSuffix=s20260203221243470&previous=,Contact companies,Unknown
3A-08,Ingredients,R L FINE CHEM PVT LTD,detail.php?exid=CF26107752&sidSuffix=s20260203221243470&previous=,Contact companies,IN
1C-50,Outsourcing,"RAPHAS JAPAN CO.,LTD.",detail.php?exid=CF26192279&sidSuffix=s20260203221243470&previous=,Contact companies,JP
1B-21,Outsourcing,Recipharm,detail.php?exid=CF24132486&sidSuffix=s20260203221243470&previous=,Development & manufacture - drug delivery,SE
1B-21,Outsourcing,Recipharm,detail.php?exid=CF24132486&sidSuffix=s20260203221243470&previous=,Formulation Development,SE
1B-21,Outsourcing,Recipharm,detail.php?exid=CF24132486&sidSuffix=s20260203221243470&previous=,Integrated technology platform,SE
1B-21,Outsourcing,Recipharm,detail.php?exid=CF24132486&sidSuffix=s20260203221243470&previous=,Drug Product,SE
1B-21,Outsourcing,Recipharm,detail.php?exid=CF24132486&sidSuffix=s20260203221243470&previous=,Drug Substance,SE
3F-10,Bio Pharma,REPORT OCEAN,detail.php?exid=CF26110872&sidSuffix=s20260203221243470&previous=,Contact companies,Unknown
3F-11,Bio Pharma,"Ricoh Biosciences, K.K.",detail.php?exid=CF26170694&sidSuffix=s20260203221243470&previous=,Contact companies,Unknown
3F-11,Bio Pharma,"Ricoh Company, Ltd.",detail.php?exid=CF22100828&sidSuffix=s20260203221243470&previous=,Contact companies,Unknown
1J-42,Ingredients,"RIVERSON & CO., LTD.",detail.php?exid=C14016327&sidSuffix=s20260203221243470&previous=,Contact companies,Unknown
2A-43,Ingredients,Rockwood Lithium Japan K.K.,detail.php?exid=CF26120512&sidSuffix=s20260203221243470&previous=,Contact companies,Unknown
3E-31,Machinery/Equipment,Rommelag,detail.php?exid=C16128511&sidSuffix=s20260203221243470&previous=,Contact companies,DE
2D-23,Ingredients,SAGAR LIFE SCIENCES Pvt Ltd,detail.php?exid=CF24134005&sidSuffix=s20260203221243470&previous=,Contact companies,DE
1D-28,Outsourcing,Sai Life Sciences,detail.php?exid=C14016863&sidSuffix=s20260203221243470&previous=,Contact companies,Unknown
3F-45,Ingredients,Sainor Laboratories Pvt.Ltd.,detail.php?exid=CF23160049&sidSuffix=s20260203221243470&previous=,Contact companies,IN
3E-42,Ingredients,Salvavidas Pharmaceutical Pvt Ltd,detail.php?exid=CF25183906&sidSuffix=s20260203221243470&previous=,Cabozantinib S-Maleate,IN
3E-42,Ingredients,Salvavidas Pharmaceutical Pvt Ltd,detail.php?exid=CF25183906&sidSuffix=s20260203221243470&previous=,Etomidate,IN
3E-42,Ingredients,Salvavidas Pharmaceutical Pvt Ltd,detail.php?exid=CF25183906&sidSuffix=s20260203221243470&previous=,Gemcitabine hydrochloride,IN
3E-42,Ingredients,Salvavidas Pharmaceutical Pvt Ltd,detail.php?exid=CF25183906&sidSuffix=s20260203221243470&previous=,Levo Salbutamol Sulfate,IN
3E-42,Ingredients,Salvavidas Pharmaceutical Pvt Ltd,detail.php?exid=CF25183906&sidSuffix=s20260203221243470&previous=,Salbutamol Sulphate,IN
2B-03,Ingredients,SANTAI CORPORATION,detail.php?exid=CF24134793&sidSuffix=s20260203221243470&previous=,Contact companies,Unknown
2G-39,Ingredients,"SANYO FINE CO., LTD.",detail.php?exid=CF23149900&sidSuffix=s20260203221243470&previous=,Contact companies,Unknown
3F-35,Machinery/Equipment,Sartorius Stedim Japan K.K.,detail.php?exid=CF26128899&sidSuffix=s20260203221243470&previous=,Contact companies,Unknown
3H-27,Bio Pharma,SCIEX,detail.php?exid=C14018888&sidSuffix=s20260203221243470&previous=,Contact companies,Unknown
2C-01,Ingredients,Scimplify Japan Inc.,detail.php?exid=CF22189824&sidSuffix=s20260203221243470&previous=,Contact companies,JP
2F-07,Ingredients,"ScinoPharm Taiwan, Ltd.",detail.php?exid=C17198252&sidSuffix=s20260203221243470&previous=,Contact companies,Unknown
3H-31,Machinery/Equipment,SCRUM Inc.,detail.php?exid=CF24146443&sidSuffix=s20260203221243470&previous=,Contact companies,Unknown
1J-22,Ingredients,"SEKISUI MEDICAL CO., LTD.",detail.php?exid=C14017176&sidSuffix=s20260203221243470&previous=,Contact companies,Unknown
1F-43,Ingredients,Shandong Biocom Pharmaceutical Co. Ltd,detail.php?exid=CF26189343&sidSuffix=s20260203221243470&previous=,Contact companies,Unknown
4Z-34,Ingredients,"SHANDONG BOYUAN PHARMACEUTICAL CO.,LTD.",detail.php?exid=CF23153830&sidSuffix=s20260203221243470&previous=,Contact companies,Unknown
1C-08,Ingredients,Shandong Chenghui Shuangda Pharmaceutical,detail.php?exid=CF25140769&sidSuffix=s20260203221243470&previous=,Contact companies,Unknown
1C-26,Ingredients,"SHANDONG DYCK BIOTECH CO.,LTD",detail.php?exid=CF24110895&sidSuffix=s20260203221243470&previous=,Contact companies,Unknown
1B-10,Ingredients,"Shandong Huihai Pharmaceutical and Chemical Co., Ltd.",detail.php?exid=CF26161682&sidSuffix=s20260203221243470&previous=,Contact companies,Unknown
1A-26,Outsourcing,"Shandong Keyuan Pharmaceutical Co., Ltd.",detail.php?exid=CF24149763&sidSuffix=s20260203221243470&previous=,Contact companies,Unknown
1H-45,Ingredients,"SHANDONG OUCHEM CO., LTD.",detail.php?exid=CF25188104&sidSuffix=s20260203221243470&previous=,Contact companies,Unknown
3C-21,Ingredients,"Shandong Shining Pharm Co., Ltd.",detail.php?exid=CF24138550&sidSuffix=s20260203221243470&previous=,Contact companies,Unknown
2K-31,Ingredients,Shandong Xingshun New Material Co Ltd,detail.php?exid=CF26186390&sidSuffix=s20260203221243470&previous=,Contact companies,Unknown
3A-22,Ingredients,"Shandong Yanggu Liya New Material Co., Ltd.",detail.php?exid=CF26158584&sidSuffix=s20260203221243470&previous=,Contact companies,Unknown
2B-01,Ingredients,Shanghai Chemspec Corporation,detail.php?exid=C14016626&sidSuffix=s20260203221243470&previous=,"(1R,4S)-7-(hydroxymethyl)bicyclo[2.2.1]",CN
2B-01,Ingredients,Shanghai Chemspec Corporation,detail.php?exid=C14016626&sidSuffix=s20260203221243470&previous=,(2-(chloromethoxy)ethyl)trimethylsilane,CN
2B-01,Ingredients,Shanghai Chemspec Corporation,detail.php?exid=C14016626&sidSuffix=s20260203221243470&previous=,(2-chloro-5-(trifluoromethyl)phenyl)methanol,CN
2B-01,Ingredients,Shanghai Chemspec Corporation,detail.php?exid=C14016626&sidSuffix=s20260203221243470&previous=,(2-chlorophenyl)(4-chlorophenyl)(pyrimidin-,CN
2B-01,Ingredients,Shanghai Chemspec Corporation,detail.php?exid=C14016626&sidSuffix=s20260203221243470&previous=,(2-chlorophenyl)(4-chlorophenyl)(pyrimidin-,CN
2H-24,Ingredients,"Shanghai Chenpu Biotech Co., Ltd.",detail.php?exid=CF24199097&sidSuffix=s20260203221243470&previous=,Contact companies,CN
1H-44,Ingredients,"Shanghai Domen International Co., Ltd.",detail.php?exid=F17161933&sidSuffix=s20260203221243470&previous=,Contact companies,CN
1C-24,Outsourcing,"Shanghai Eyougene Biotechnology Development Co., Ltd.",detail.php?exid=CF26162607&sidSuffix=s20260203221243470&previous=,Contact companies,CN
2J-27,Ingredients,"Shanghai Fuxin Pharmaceutical Co., Ltd.",detail.php?exid=CF25189408&sidSuffix=s20260203221243470&previous=,Contact companies,CN
1E-42,Ingredients,"Shanghai Haoyuan Chemexpress Co., Ltd.",detail.php?exid=C20179424&sidSuffix=s20260203221243470&previous=,Contact companies,CN
1E-01,Ingredients,"Shanghai Hohance Chemical Co.,Ltd.",detail.php?exid=CF25143322&sidSuffix=s20260203221243470&previous=,Contact companies,CN
2J-45,Formulation ＆ Packaging,"SHANGHAI JSD NEW MEDICAL MATERIAL CO.,LTD.",detail.php?exid=CF26194020&sidSuffix=s20260203221243470&previous=,Contact companies,CN
3B-36,Ingredients,Shanghai Pharma Group Changzhou Kony Pharmaceutical,detail.php?exid=C17117977&sidSuffix=s20260203221243470&previous=,Contact companies,Unknown
2K-20,Ingredients,"Shanghai Rui Yun Chemical Technology Co., Ltd",detail.php?exid=CF25175036&sidSuffix=s20260203221243470&previous=,Contact companies,CN
2G-02,Ingredients,"Shanghai Sinofluoro Chemicals Co., Ltd.",detail.php?exid=C14018260&sidSuffix=s20260203221243470&previous=,2-Bromoheptafluoropropane intermediates,CN
2G-02,Ingredients,"Shanghai Sinofluoro Chemicals Co., Ltd.",detail.php?exid=C14018260&sidSuffix=s20260203221243470&previous=,Methylpentafluoropropionate other active,CN
3B-22,Ingredients,"Shanghai Tajilin Industrial Co.,Ltd",detail.php?exid=CF25105324&sidSuffix=s20260203221243470&previous=,Contact companies,CN
2K-20,Ingredients,"Shanghai Record Pharmaceutials Co,.Ltd",detail.php?exid=CF25176060&sidSuffix=s20260203221243470&previous=,Contact companies,Unknown
2H-26,Ingredients,"Shanxi Xintianyuan Pharmaceutical Co., Ltd",detail.php?exid=C14018056&sidSuffix=s20260203221243470&previous=,Contact companies,Unknown
3A-20,Ingredients,"Shaoxing Zejun Pharmaceuticals Co., Ltd",detail.php?exid=CF26110022&sidSuffix=s20260203221243470&previous=,Contact companies,Unknown
3A-36,Ingredients,Shenyang Photosensitive Chemical Research Institute,detail.php?exid=CF25151646&sidSuffix=s20260203221243470&previous=,Contact companies,Unknown
3C-29,Ingredients,"Shenzhen China Resources Gosun Pharmaceuticals Co., Ltd",detail.php?exid=CF24175699&sidSuffix=s20260203221243470&previous=,Contact companies,CN
1A-01,Outsourcing,"Shenzhen JYMed Technology Co.,Ltd.",detail.php?exid=CF24189151&sidSuffix=s20260203221243470&previous=,Contact companies,CN
3C-22,Ingredients,"Shijiazhuang Jirong Pharmaceutical Co.,Ltd",detail.php?exid=CF24185639&sidSuffix=s20260203221243470&previous=,Contact companies,Unknown
3F-44,Ingredients,"Shijiazhuang Lonzeal Pharmaceuticals Co., Ltd",detail.php?exid=CF25115802&sidSuffix=s20260203221243470&previous=,Contact companies,Unknown
3D-36,Ingredients,Shilpa Medicare,detail.php?exid=CF23162124&sidSuffix=s20260203221243470&previous=,Contact companies,Unknown
1J-37,Ingredients,"Shima Trading Co.,Ltd.",detail.php?exid=CF24165393&sidSuffix=s20260203221243470&previous=,Contact companies,Unknown
1F-38,Ingredients,"Shin Nippon Yakugyo Co., Ltd.",detail.php?exid=C14014662&sidSuffix=s20260203221243470&previous=,"Development, Import & Sales",JP
1F-38,Ingredients,"Shin Nippon Yakugyo Co., Ltd.",detail.php?exid=C14014662&sidSuffix=s20260203221243470&previous=,GMP Warehouse,JP
1F-38,Ingredients,"Shin Nippon Yakugyo Co., Ltd.",detail.php?exid=C14014662&sidSuffix=s20260203221243470&previous=,Quality Tests,JP
1F-38,Ingredients,"Shin Nippon Yakugyo Co., Ltd.",detail.php?exid=C14014662&sidSuffix=s20260203221243470&previous=,Various Pharmaceutical Registrations,JP
1J-35,Ingredients,"Shin-Etsu Chemical Co.,Ltd.",detail.php?exid=CF22118641&sidSuffix=s20260203221243470&previous=,Contact companies,Unknown
1B-26,Outsourcing,"Shinritsu Chemical Co.,Ltd",detail.php?exid=CF25123966&sidSuffix=s20260203221243470&previous=,Contact companies,Unknown
1J-04,Ingredients,Shiono Finesse Ltd.,detail.php?exid=CF24117089&sidSuffix=s20260203221243470&previous=,Contact companies,Unknown
1E-20,Outsourcing,"Shionogi Pharma Co., Ltd.",detail.php?exid=C14017484&sidSuffix=s20260203221243470&previous=,Contact companies,Unknown
2F-22,Ingredients,"SHIRATORI PHARMACEUTICAL CO.,LTD.",detail.php?exid=C14016492&sidSuffix=s20260203221243470&previous=,Contact companies,Unknown
2F-22,Ingredients,"SHIRATORI YAKUHIN Co., LTD.",not provided,Contact companies,Unknown
2G-42,Formulation ＆ Packaging,SHL Medical,detail.php?exid=CF23159629&sidSuffix=s20260203221243470&previous=,Contact companies,Unknown
2D-44,Ingredients,"SHOKA PHARMACY CO.,LTD.",detail.php?exid=CF25142526&sidSuffix=s20260203221243470&previous=,Contact companies,Unknown
3D-28,Bio Pharma,Shonan Health Innovation Park,detail.php?exid=CF22172479&sidSuffix=s20260203221243470&previous=,Contact companies,Unknown
3C-35,Ingredients,"SHOUGUANG FUKANG PHARMACEUTICAL CO.,LTD.",detail.php?exid=C19176514&sidSuffix=s20260203221243470&previous=,Contact companies,Unknown
2K-34,Ingredients,"Shouguang Nuomeng Chemical Co., Ltd.",detail.php?exid=CF24173583&sidSuffix=s20260203221243470&previous=,Contact companies,Unknown
1J-02,Ingredients,SHREE GANESH REMEDIES LTD,detail.php?exid=CF23194242&sidSuffix=s20260203221243470&previous=,Contact companies,Unknown
3G-29,Bio Pharma,"Sichuan Elixir Pharmaceutical Co., Ltd.",detail.php?exid=C14016796&sidSuffix=s20260203221243470&previous=,7-Ethyl-10-hydroxycamptothecin,CN
3G-29,Bio Pharma,"Sichuan Elixir Pharmaceutical Co., Ltd.",detail.php?exid=C14016796&sidSuffix=s20260203221243470&previous=,Birch Triterpenes,CN
3G-29,Bio Pharma,"Sichuan Elixir Pharmaceutical Co., Ltd.",detail.php?exid=C14016796&sidSuffix=s20260203221243470&previous=,Cabozantinib,CN
3G-29,Bio Pharma,"Sichuan Elixir Pharmaceutical Co., Ltd.",detail.php?exid=C14016796&sidSuffix=s20260203221243470&previous=,Cytisine,CN
3G-29,Bio Pharma,"Sichuan Elixir Pharmaceutical Co., Ltd.",detail.php?exid=C14016796&sidSuffix=s20260203221243470&previous=,Resmetirom,CN
1C-45,Outsourcing,"Sichuan Qingmu Pharmaceutical Co., Ltd.",detail.php?exid=CF21143135&sidSuffix=s20260203221243470&previous=,Contact companies,Unknown
3F-05,Bio Pharma,Sichuan Shifang Sangao Biochemical Industrial,detail.php?exid=CF24142797&sidSuffix=s20260203221243470&previous=,Contact companies,Unknown
3B-34,Ingredients,"Sichuan Tiandao Pharmaceutical Co.,Ltd",detail.php?exid=CF26114352&sidSuffix=s20260203221243470&previous=,Contact companies,Unknown
2F-04,Ingredients,"Sichuan Tongsheng Biopharmaceutical CO., LTD.",not provided,Contact companies,Unknown
2K-17,Ingredients,"Sichuan Xieli Pharmaceutical Co., Ltd.",detail.php?exid=CF25198664&sidSuffix=s20260203221243470&previous=,Contact companies,Unknown
3C-16,Ingredients,"SINOBRIGHT IMPORT&EXPORT CO.,LTD.",detail.php?exid=CF25174617&sidSuffix=s20260203221243470&previous=,Contact companies,Unknown
1B-48,Outsourcing,"Sinochem International Advanced Materials (Hebei) Co., Ltd.",detail.php?exid=CF24199745&sidSuffix=s20260203221243470&previous=,Contact companies,Unknown
2B-26,Outsourcing,SINOCHEM PHARMACEUTICAL CO LTD,detail.php?exid=C14018465&sidSuffix=s20260203221243470&previous=,Contact companies,Unknown
1B-42,Outsourcing,Sinocompound Catalysts,detail.php?exid=C14105004&sidSuffix=s20260203221243470&previous=,Contact companies,Unknown
2D-34,Ingredients,"Sinoway Industrial Co., Ltd.",detail.php?exid=C15147274&sidSuffix=s20260203221243470&previous=,Contact companies,Unknown
2G-37,Ingredients,"Sogo Pharmaceutical Co.,Ltd.",detail.php?exid=CF26199028&sidSuffix=s20260203221243470&previous=,Contact companies,Unknown
1H-08,Ingredients,Solara Active Pharma Sciences,detail.php?exid=CF23162972&sidSuffix=s20260203221243470&previous=,Contact companies,Unknown
2G-47,Formulation ＆ Packaging,Solteam Medical,detail.php?exid=C20166998&sidSuffix=s20260203221243470&previous=,Sibia - Reusable Pen injector,TW
2G-47,Formulation ＆ Packaging,Solteam Medical,detail.php?exid=C20166998&sidSuffix=s20260203221243470&previous=,Flamecrest - Fixed Dose Pen Injector,TW
2G-47,Formulation ＆ Packaging,Solteam Medical,detail.php?exid=C20166998&sidSuffix=s20260203221243470&previous=,Lophura - Disposable Pen Injector,TW
2G-47,Formulation ＆ Packaging,Solteam Medical,detail.php?exid=C20166998&sidSuffix=s20260203221243470&previous=,Fulvetta - Reusable Pen Injector,TW
2G-47,Formulation ＆ Packaging,Solteam Medical,detail.php?exid=C20166998&sidSuffix=s20260203221243470&previous=,Rosefinch - Autoinjector,TW
2C-24,Ingredients,SOMU ORGANO-CHEM PVT. LTD.,detail.php?exid=CF26105651&sidSuffix=s20260203221243470&previous=,Contact companies,IN
2E-10,Ingredients,Soneas - Uquifa Group,detail.php?exid=C14019016&sidSuffix=s20260203221243470&previous=,Contact companies,Unknown
2G-48,Formulation ＆ Packaging,"Sousaku Medical Co., Ltd.",detail.php?exid=CF25123137&sidSuffix=s20260203221243470&previous=,Contact companies,Unknown
3A-10,Ingredients,SPECTRUM INFO LLC,detail.php?exid=C14177207&sidSuffix=s20260203221243470&previous=,Contact companies,Unknown
2F-36,Ingredients,"SPERA NEXUS, Inc",detail.php?exid=CF22122729&sidSuffix=s20260203221243470&previous=,Contact companies,Unknown
1A-41,Outsourcing,"SPERA PHARMA, Inc.",detail.php?exid=C18104469&sidSuffix=s20260203221243470&previous=,Cmc R & D Of Pharmaceuticals,JP
2A-10,Ingredients,"Standard Chem. & Pharm Co., Ltd.",detail.php?exid=C14016661&sidSuffix=s20260203221243470&previous=,Contact companies,Unknown
1D-35,Outsourcing,Sterling Pharma Solutions,detail.php?exid=CF24172411&sidSuffix=s20260203221243470&previous=,ADC development,GB
1D-35,Outsourcing,Sterling Pharma Solutions,detail.php?exid=CF24172411&sidSuffix=s20260203221243470&previous=,ADC manufacturing,GB
1D-35,Outsourcing,Sterling Pharma Solutions,detail.php?exid=CF24172411&sidSuffix=s20260203221243470&previous=,Chemistry Services,GB
1D-35,Outsourcing,Sterling Pharma Solutions,detail.php?exid=CF24172411&sidSuffix=s20260203221243470&previous=,Small molecule API development,GB
1D-35,Outsourcing,Sterling Pharma Solutions,detail.php?exid=CF24172411&sidSuffix=s20260203221243470&previous=,Small molecule API manufacturing,GB
2F-04,Ingredients,Sumitomo Corporation,detail.php?exid=C14016233&sidSuffix=s20260203221243470&previous=,Contact companies,Unknown
2H-47,Formulation ＆ Packaging,"SUMMED TECH CO.,LTD",detail.php?exid=CF24155100&sidSuffix=s20260203221243470&previous=,e-Syrpen®,TW
2H-47,Formulation ＆ Packaging,"SUMMED TECH CO.,LTD",detail.php?exid=CF24155100&sidSuffix=s20260203221243470&previous=,e-Simject®,TW
2H-47,Formulation ＆ Packaging,"SUMMED TECH CO.,LTD",detail.php?exid=CF24155100&sidSuffix=s20260203221243470&previous=,Multtipen®,TW
2H-47,Formulation ＆ Packaging,"SUMMED TECH CO.,LTD",detail.php?exid=CF24155100&sidSuffix=s20260203221243470&previous=,Simject®,TW
2H-47,Formulation ＆ Packaging,"SUMMED TECH CO.,LTD",detail.php?exid=CF24155100&sidSuffix=s20260203221243470&previous=,Syrpen®,TW
2F-04,Ingredients,Summit Pharmaceuticals International Corporation,detail.php?exid=C14016287&sidSuffix=s20260203221243470&previous=,Contact companies,Unknown
1A-03,Outsourcing,"SUNCHEM CO., LTD.",detail.php?exid=CF24183654&sidSuffix=s20260203221243470&previous=,2-Chlorophenol,CN
1A-03,Outsourcing,"SUNCHEM CO., LTD.",detail.php?exid=CF24183654&sidSuffix=s20260203221243470&previous=,Acetic anhydride,CN
1A-03,Outsourcing,"SUNCHEM CO., LTD.",detail.php?exid=CF24183654&sidSuffix=s20260203221243470&previous=,Diethyl ether,CN
1A-03,Outsourcing,"SUNCHEM CO., LTD.",detail.php?exid=CF24183654&sidSuffix=s20260203221243470&previous=,Furfural,CN
1A-03,Outsourcing,"SUNCHEM CO., LTD.",detail.php?exid=CF24183654&sidSuffix=s20260203221243470&previous=,TERT-BUTYLISOCYANATE,CN
1A-43,Outsourcing,"SunFlare Co.,Ltd.",detail.php?exid=CF22173550&sidSuffix=s20260203221243470&previous=,Contact companies,Unknown
1A-04,Outsourcing,Supriya Lifescience Ltd.,detail.php?exid=CF25194464&sidSuffix=s20260203221243470&previous=,Contact companies,Unknown
1C-05,Ingredients,"SUZHOU EVERFORTUNE CO., LTD.",detail.php?exid=CF24197693&sidSuffix=s20260203221243470&previous=,Contact companies,Unknown
2J-23,Ingredients,"Suzhou Highfine Biotech Co., Ltd",detail.php?exid=C19134383&sidSuffix=s20260203221243470&previous=,Contact companies,Unknown
2F-25,Ingredients,Swati Spentose Pvt Ltd,detail.php?exid=CF23193885&sidSuffix=s20260203221243470&previous=,Contact companies,IN
2A-08,Ingredients,Symbiotec Pharmalab Pvt. Ltd,detail.php?exid=CF23115317&sidSuffix=s20260203221243470&previous=,Contact companies,IN
1G-36,Outsourcing,Syngene International Ltd,detail.php?exid=C15117107&sidSuffix=s20260203221243470&previous=,Contact companies,Unknown
1D-46,Outsourcing,SynSmart Rasayan Research Pvt Ltd,detail.php?exid=CF26143646&sidSuffix=s20260203221243470&previous=,Contact companies,IN
3C-41,Ingredients,SYNTHIMED LABS,detail.php?exid=C14017300&sidSuffix=s20260203221243470&previous=,Contact companies,Unknown
3J-37,Ingredients,"Taihei Chemical Industrial Co., Ltd.",detail.php?exid=CF25148856&sidSuffix=s20260203221243470&previous=,Contact companies,Unknown
2H-41,Formulation ＆ Packaging,"TAISEI KAKO CO., LTD.",detail.php?exid=C14018781&sidSuffix=s20260203221243470&previous=,Contact companies,Unknown
2J-04,Ingredients,Taiwan Pharmaceutical Alliance,detail.php?exid=CF22157803&sidSuffix=s20260203221243470&previous=,Contact companies,Unknown
2D-04,Ingredients,TAPI Japan Ltd.,detail.php?exid=C14017296&sidSuffix=s20260203221243470&previous=,Contact companies,JP
1G-04,Ingredients,"Tateyama Kasei Co.,Ltd.",detail.php?exid=C14016526&sidSuffix=s20260203221243470&previous=,Contact companies,Unknown
1C-25,Outsourcing,TCG LIFESCIENCES PRIVATE LIMITED,detail.php?exid=CF26116875&sidSuffix=s20260203221243470&previous=,Contact companies,IN
3E-27,Bio Pharma,Testo K.K.,detail.php?exid=CF26161775&sidSuffix=s20260203221243470&previous=,Contact companies,Unknown
2G-45,Formulation ＆ Packaging,Texchem Life Sciences,detail.php?exid=CF25131559&sidSuffix=s20260203221243470&previous=,Contact companies,Unknown
3F-12,Bio Pharma,Thermo Fisher Scientific,detail.php?exid=CF24172734&sidSuffix=s20260203221243470&previous=,Contact companies,Unknown
3B-29,Ingredients,TIANJIN FOREVER RICH SCIENCE & TECHNOLOGY,detail.php?exid=CF26119243&sidSuffix=s20260203221243470&previous=,Contact companies,Unknown
3C-10,Outsourcing,"TOKIWA PHYTOCHEMICAL CO.,LTD.",detail.php?exid=CF25138764&sidSuffix=s20260203221243470&previous=,Contact companies,Unknown
3G-38,Machinery/Equipment,"TOKYO ATOMIZER MFG.CO.,LTD.",detail.php?exid=CF23172592&sidSuffix=s20260203221243470&previous=,Contact companies,JP
2J-41,Formulation ＆ Packaging,TOP Corporation,detail.php?exid=C14018852&sidSuffix=s20260203221243470&previous=,Contact companies,Unknown
2J-18,Ingredients,"Topharman Shanghai Co., Ltd.",detail.php?exid=CF24137009&sidSuffix=s20260203221243470&previous=,Contact companies,CN
1F-02,Ingredients,"TOSCO CO., LTD.",detail.php?exid=CF21157092&sidSuffix=s20260203221243470&previous=,Contact companies,Unknown
3H-22,Bio Pharma,"TOYOCHEM CO.,LTD",detail.php?exid=C18136106&sidSuffix=s20260203221243470&previous=,Contact companies,Unknown
IT-05,Ingredients,TRIFARMA,detail.php?exid=CF23143189&sidSuffix=s20260203221243470&previous=,Contact companies,Unknown
2K-37,Ingredients,"Trustchem Co., Ltd.",detail.php?exid=C14017335&sidSuffix=s20260203221243470&previous=,Contact companies,Unknown
3F-09,Bio Pharma,TSK Laboratory International Japan k. k.,detail.php?exid=CF26160803&sidSuffix=s20260203221243470&previous=,Contact companies,Unknown
2J-47,Formulation ＆ Packaging,"TSK Laboratory, Japan",detail.php?exid=CF26184189&sidSuffix=s20260203221243470&previous=,Automatic Biopsy Needle ACECUT,JP
2J-47,Formulation ＆ Packaging,"TSK Laboratory, Japan",detail.php?exid=CF26184189&sidSuffix=s20260203221243470&previous=,Bone Marrow Biopsy Needle SURELOCK,JP
2J-47,Formulation ＆ Packaging,"TSK Laboratory, Japan",detail.php?exid=CF26184189&sidSuffix=s20260203221243470&previous=,TSK SELECT™ NEEDLE,JP
2J-47,Formulation ＆ Packaging,"TSK Laboratory, Japan",detail.php?exid=CF26184189&sidSuffix=s20260203221243470&previous=,TSK Syringe,JP
2E-22,Ingredients,UBE Corporation,detail.php?exid=C14016491&sidSuffix=s20260203221243470&previous=,Contact companies,Unknown
3G-12,Bio Pharma,Unchained Labs,detail.php?exid=CF22183344&sidSuffix=s20260203221243470&previous=,Contact companies,Unknown
2B-28,Ingredients,Usino Company Limited,detail.php?exid=C20122983&sidSuffix=s20260203221243470&previous=,Contact companies,Unknown
1G-42,Ingredients,"Valiant Co., Ltd",detail.php?exid=CF24156585&sidSuffix=s20260203221243470&previous=,Contact companies,Unknown
3B-03,Outsourcing,Veranova,detail.php?exid=CF24157355&sidSuffix=s20260203221243470&previous=,Contact companies,Unknown
2B-46,Ingredients,"Wai Fat Pharma. Co., Ltd. (HK)",detail.php?exid=CF25142509&sidSuffix=s20260203221243470&previous=,Contact companies,Unknown
1C-46,Ingredients,"Watahan Trading Co., Ltd.",detail.php?exid=CF26181553&sidSuffix=s20260203221243470&previous=,Contact companies,Unknown
1B-47,Outsourcing,"WATANABE CHEMICAL INDUSTRIES, LTD.",detail.php?exid=CF26105849&sidSuffix=s20260203221243470&previous=,Contact companies,Unknown
2J-29,Ingredients,"Weifang Shengtai Medicine Co.,Ltd",detail.php?exid=C20145704&sidSuffix=s20260203221243470&previous=,Contact companies,Unknown
2D-42,Ingredients,"Weihai CanRong Import & Export Co.,Ltd.",detail.php?exid=CF23139250&sidSuffix=s20260203221243470&previous=,Contact companies,Unknown
2K-36,Ingredients,"Weihai Hanmi Biochem Co., Ltd.",detail.php?exid=CF26105590&sidSuffix=s20260203221243470&previous=,Contact companies,Unknown
2H-36,Ingredients,"WEIHAI HOPING INDUSTRY CO., LTD.",detail.php?exid=CF24198015&sidSuffix=s20260203221243470&previous=,Contact companies,Unknown
2H-52,Formulation ＆ Packaging,West Pharmaceutical Services,detail.php?exid=C14018895&sidSuffix=s20260203221243470&previous=,Contact companies,Unknown
3E-08,Bio Pharma,Whale Corporation,detail.php?exid=CF24121885&sidSuffix=s20260203221243470&previous=,Contact companies,Unknown
1B-25,Outsourcing,Willowood Chemicals Ltd,detail.php?exid=CF25104711&sidSuffix=s20260203221243470&previous=,Contact companies,Unknown
1C-49,Outsourcing,"Wisdom Pharmaceutical Co.,Ltd.",detail.php?exid=C14018933&sidSuffix=s20260203221243470&previous=,Contact companies,Unknown
1A-07,Outsourcing,"WuXi AppTec Japan Co., Ltd.",detail.php?exid=CF23108978&sidSuffix=s20260203221243470&previous=,Contact companies,JP
2H-28,Ingredients,"Wuxi Jinghai Amino Acid Co.,Ltd",detail.php?exid=C19150750&sidSuffix=s20260203221243470&previous=,Contact companies,Unknown
1C-36,Outsourcing,WuXi XDC,detail.php?exid=CF24138925&sidSuffix=s20260203221243470&previous=,Contact companies,Unknown
2C-47,Ingredients,"Xi'an Advance Chemistry New Material Co., Ltd",detail.php?exid=CF25159349&sidSuffix=s20260203221243470&previous=,Contact companies,Unknown
1F-44,Ingredients,"Xi'an Guokang Ruijin Pharmaceutical Co.,Ltd.",detail.php?exid=CF26138206&sidSuffix=s20260203221243470&previous=,Contact companies,Unknown
6F-11,Ingredients,"Xiamen Origin Biotech Co., Ltd.",detail.php?exid=CF25139014&sidSuffix=s20260203221243470&previous=,Contact companies,Unknown
3F-01,Ingredients,"Yakuji Nippo, LTD.",detail.php?exid=CF22115083&sidSuffix=s20260203221243470&previous=,Contact companies,Unknown
2G-27,Ingredients,YAMASA CORPORATION,detail.php?exid=C16157444&sidSuffix=s20260203221243470&previous=,Contact companies,Unknown
1E-48,Ingredients,"Yangling JITAI Pharmaceutical Co.,Ltd.",detail.php?exid=CF26126982&sidSuffix=s20260203221243470&previous=,Contact companies,Unknown
3F-26,Bio Pharma,"Yangtze River Pharmaceutical Group Sichuan Hairong Pharmaceutical Co., Ltd.",detail.php?exid=CF26199001&sidSuffix=s20260203221243470&previous=,Contact companies,Unknown
1A-05,Outsourcing,"Yangzhou Chemical Co.,Ltd.",detail.php?exid=C15159143&sidSuffix=s20260203221243470&previous=,Contact companies,Unknown
1B-07,Outsourcing,"YANGZHOU HENGCHUAN CHEMICAL CO.,LTD.",detail.php?exid=C14144429&sidSuffix=s20260203221243470&previous=,Contact companies,Unknown
2J-20,Ingredients,"Yantai Xianhua Technology Group Co., Ltd.",detail.php?exid=C14018813&sidSuffix=s20260203221243470&previous=,Contact companies,Unknown
3E-22,Bio Pharma,"YMC CO., LTD.",detail.php?exid=C19153926&sidSuffix=s20260203221243470&previous=,Contact companies,Unknown
2F-48,Formulation ＆ Packaging,Ypsomed,detail.php?exid=CF25182734&sidSuffix=s20260203221243470&previous=,Contact companies,Unknown
2G-21,Ingredients,"YUKI GOSEI KOGYO CO., LTD.",detail.php?exid=C14016188&sidSuffix=s20260203221243470&previous=,Contact companies,Unknown
2B-09,Ingredients,"Yung Shin Pharm. Ind. Co., Ltd.",detail.php?exid=C14017042&sidSuffix=s20260203221243470&previous=,Contact companies,Unknown
2C-40,Ingredients,Yungjin Pharm.,detail.php?exid=CF26101698&sidSuffix=s20260203221243470&previous=,Contact companies,Unknown
3A-31,Ingredients,Yurui (Shanghai) Chemical Co. Ltd,detail.php?exid=CF26155552&sidSuffix=s20260203221243470&previous=,Contact companies,Unknown
2J-42,Formulation ＆ Packaging,zenius Ltd.,detail.php?exid=C18170378&sidSuffix=s20260203221243470&previous=,Contact companies,Unknown
3E-03,Bio Pharma,ZEON Corporation,detail.php?exid=C18185246&sidSuffix=s20260203221243470&previous=,Contact companies,Unknown
2H-20,Ingredients,"Zhejiang Ausun Pharmaceutical Co., Ltd.",detail.php?exid=C15188290&sidSuffix=s20260203221243470&previous=,Contact companies,Unknown
1E-50,Ingredients,"ZHEJIANG BAMBOO PHARMACEUTICALS CO.,LTD",detail.php?exid=CF25129721&sidSuffix=s20260203221243470&previous=,Contact companies,Unknown
3B-23,Ingredients,"Zhejiang East-Asia  Pharmaceutical Co.,Ltd.",detail.php?exid=CF25152832&sidSuffix=s20260203221243470&previous=,Contact companies,Unknown
1J-41,Ingredients,"Zhejiang Eazy PharmChem Co.,Ltd.",detail.php?exid=C15127492&sidSuffix=s20260203221243470&previous=,Contact companies,Unknown
2E-41,Ingredients,"ZHEJIANG HAPPY CHEMICAL CO.,LTD.",detail.php?exid=CF24164023&sidSuffix=s20260203221243470&previous=,Contact companies,Unknown
2A-46,Ingredients,"Zhejiang Hengkang pharmaceutical Co., Ltd",detail.php?exid=CF23140558&sidSuffix=s20260203221243470&previous=,Contact companies,Unknown
3A-16,Ingredients,"ZHEJIANG HISOAR PHARMACEUTICAL CO.,LTD.",detail.php?exid=CF23150646&sidSuffix=s20260203221243470&previous=,Contact companies,Unknown
1E-25,Outsourcing,"Zhejiang Hisun Pharmaceutical Co.,Ltd.",detail.php?exid=CF23178190&sidSuffix=s20260203221243470&previous=,Contact companies,Unknown
3C-27,Ingredients,"ZHEJIANG HUAYI PHARMACEUTICAL CO.,LTD.",detail.php?exid=CF24126952&sidSuffix=s20260203221243470&previous=,Contact companies,Unknown
3B-21,Ingredients,"Zhejiang Jiangbei Pharmaceutical co.,Ltd.",detail.php?exid=CF23155526&sidSuffix=s20260203221243470&previous=,Contact companies,Unknown
3C-04,Ingredients,"Zhejiang Jiuzhou Pharmaceutical Co., Ltd.",detail.php?exid=CF24134346&sidSuffix=s20260203221243470&previous=,Contact companies,Unknown
3A-28,Ingredients,"Zhejiang Langhua Pharmaceutical Co., Ltd.",detail.php?exid=CF25171091&sidSuffix=s20260203221243470&previous=,Contact companies,Unknown
1C-12,Ingredients,"Zhejiang Lepu Pharmaceutical Co.,Ltd",detail.php?exid=C19134565&sidSuffix=s20260203221243470&previous=,Contact companies,Unknown
3C-05,Ingredients,"Zhejiang Peptites Biotech Co., Ltd.",detail.php?exid=C15135052&sidSuffix=s20260203221243470&previous=,Contact companies,Unknown
3B-33,Ingredients,"ZHEJIANG RETRON BIOTECH CO.,LTD.",detail.php?exid=CF26134348&sidSuffix=s20260203221243470&previous=,Contact companies,Unknown
1F-42,Ingredients,ZHEJIANG RUIBANG LABORATORIES,detail.php?exid=CF25188376&sidSuffix=s20260203221243470&previous=,Contact companies,Unknown
3C-32,Ingredients,"ZHEJIANG SHENZHOU PHARMACEUTICAL Co., Ltd.",detail.php?exid=CF24118233&sidSuffix=s20260203221243470&previous=,Contact companies,Unknown
1D-03,Ingredients,"Zhejiang Tianyu Pharmaceutical Co., Ltd.",detail.php?exid=C14018579&sidSuffix=s20260203221243470&previous=,Contact companies,Unknown
1D-04,Outsourcing,"Zhengzhou Freshliance Electronics Corp., Ltd.,",detail.php?exid=CF26182069&sidSuffix=s20260203221243470&previous=,Contact companies,Unknown
3A-34,Ingredients,"Zhontong Tech Co., Ltd.",detail.php?exid=CF25193231&sidSuffix=s20260203221243470&previous=,Contact companies,Unknown
2C-23,Ingredients,"Zhuhai Rundu Pharmaceutical Co., Ltd",detail.php?exid=C16105783&sidSuffix=s20260203221243470&previous=,Contact companies,Unknown
2J-36,Ingredients,"Zibo Qisu Environmental Protection Technology Co., Ltd.",detail.php?exid=CF25103647&sidSuffix=s20260203221243470&previous=,Contact companies,Unknown
2E-45,Ingredients,Zydus Lifesceiences Limited,detail.php?exid=CF23121289&sidSuffix=s20260203221243470&previous=,Contact companies,Unknown
2D-25,Outsourcing,3xper Innoventure Limited,detail.php?exid=CF24151393&sidSuffix=s20260203221243470&previous=,Contact companies,Unknown
